[
    {
        "title": "Ciudadano Kane",
        "description": "\"Ciudadano Kane\" es un cl\u00e1sico del cine dirigido por Orson Welles que se enmarca dentro del g\u00e9nero de drama y misterio. La pel\u00edcula sigue la vida de Charles Foster Kane, un magnate de la prensa que al morir deja tras de s\u00ed un enigma: su \u00faltima palabra, \"Rosebud\". A trav\u00e9s de flashbacks y entrevistas a personas cercanas a Kane, se va reconstruyendo la historia de su ascenso al poder y las razones detr\u00e1s de su enigm\u00e1tica \u00faltima palabra.\n\nCon una narrativa innovadora para su \u00e9poca, \"Ciudadano Kane\" es considerada una obra maestra del cine por su direcci\u00f3n, guion y actuaciones. La pel\u00edcula explora temas como la ambici\u00f3n desmedida, la soledad del poder y la b\u00fasqueda de la felicidad a trav\u00e9s de la riqueza material. Recomendada para aquellos que disfrutan de historias complejas y personajes profundos, \"Ciudadano Kane\" es un cl\u00e1sico que sigue siendo relevante y cautivador hasta el d\u00eda de hoy.",
        "genre": "Drama.",
        "year": "1941"
    },
    {
        "title": "El padrino",
        "description": "El Padrino es una pel\u00edcula de g\u00e9nero drama criminal dirigida por Francis Ford Coppola y estrenada en 1972. La trama se centra en la familia Corleone, liderada por Don Vito Corleone, interpretado magistralmente por Marlon Brando. La historia se desarrolla en el mundo de la mafia italiana en Nueva York, mostrando la lucha de poder, traiciones y lealtades dentro de la familia.\n\nLa pel\u00edcula es considerada un cl\u00e1sico del cine y una de las mejores pel\u00edculas de la historia, ganando tres premios Oscar, incluyendo Mejor Pel\u00edcula. El Padrino es conocida por su brillante guion, actuaciones excepcionales y direcci\u00f3n impecable, creando una atm\u00f3sfera de tensi\u00f3n y suspenso que atrapa al espectador desde el primer momento.\n\nPara los amantes del cine de mafia y dramas intensos, El Padrino es una pel\u00edcula imprescindible que no decepcionar\u00e1. Con una duraci\u00f3n de casi tres horas, es una obra maestra que ha dejado una huella imborrable en la historia del cine.",
        "genre": ": Drama/Crimen.",
        "year": "1972"
    },
    {
        "title": "Casablanca",
        "description": "Casablanca es un cl\u00e1sico del cine de drama rom\u00e1ntico dirigido por Michael Curtiz y estrenado en 1942. Ambientada en la ciudad de Casablanca durante la Segunda Guerra Mundial, la pel\u00edcula sigue la historia de Rick Blaine, interpretado por Humphrey Bogart, un c\u00ednico due\u00f1o de un caf\u00e9 que se ve envuelto en un tri\u00e1ngulo amoroso con Ilsa Lund, interpretada por Ingrid Bergman, y Victor Laszlo, interpretado por Paul Henreid.\n\nCon di\u00e1logos memorables, una banda sonora ic\u00f3nica y una trama llena de intriga y romance, Casablanca ha sido aclamada como una de las mejores pel\u00edculas de todos los tiempos. Su mezcla de drama, romance y elementos de cine negro la convierten en una obra maestra del cine cl\u00e1sico que sigue cautivando a las audiencias hasta el d\u00eda de hoy.\n\nRecomendada para los amantes del cine cl\u00e1sico, las historias de amor apasionadas y los di\u00e1logos inteligentes, Casablanca es una pel\u00edcula que no te puedes perder.",
        "genre": "Drama rom\u00e1ntico.",
        "year": "1942"
    },
    {
        "title": "La lista de Schindler",
        "description": "La lista de Schindler es un drama hist\u00f3rico dirigido por Steven Spielberg que se centra en la historia real de Oskar Schindler, un empresario alem\u00e1n que salv\u00f3 la vida de m\u00e1s de mil jud\u00edos durante el Holocausto. La pel\u00edcula, ambientada en la Segunda Guerra Mundial, muestra la lucha de Schindler por proteger a sus empleados jud\u00edos de los horrores de los campos de concentraci\u00f3n nazis.\n\nCon una narrativa impactante y emotiva, La lista de Schindler es una obra maestra del cine que aborda temas como la bondad, la humanidad y la resistencia frente a la injusticia. La actuaci\u00f3n magistral de Liam Neeson en el papel de Schindler, junto con la direcci\u00f3n impecable de Spielberg, hacen de esta pel\u00edcula una experiencia cinematogr\u00e1fica inolvidable.\n\nRecomendada para aquellos que buscan una pel\u00edcula con una poderosa narrativa hist\u00f3rica, actuaciones excepcionales y un mensaje conmovedor sobre la importancia de la empat\u00eda y la solidaridad en tiempos de crisis. La lista de Schindler es una obra maestra que no debe faltar en la lista de cualquier amante del cine.",
        "genre": "Drama hist\u00f3rico.",
        "year": "1993"
    },
    {
        "title": "Pulp Fiction",
        "description": "\"Pulp Fiction\" es una pel\u00edcula de culto del g\u00e9nero de cine negro dirigida por Quentin Tarantino. La trama sigue a varios personajes interconectados en Los \u00c1ngeles, incluyendo a dos sicarios, un boxeador en decadencia, una pareja de ladrones y un g\u00e1nster. La narrativa no lineal y el di\u00e1logo ingenioso son caracter\u00edsticas distintivas de la pel\u00edcula, que se convirti\u00f3 en un hito en la historia del cine independiente.\n\nCon una mezcla de violencia, humor negro y referencias pop, \"Pulp Fiction\" desaf\u00eda las convenciones del g\u00e9nero y ofrece una experiencia cinematogr\u00e1fica \u00fanica. La actuaci\u00f3n de un elenco estelar, que incluye a John Travolta, Uma Thurman, Samuel L. Jackson y Bruce Willis, es otro punto destacado de la pel\u00edcula.\n\nRecomendada para aquellos que disfrutan de historias complejas y poco convencionales, \"Pulp Fiction\" es una obra maestra del cine moderno que sigue siendo relevante y emocionante m\u00e1s de dos d\u00e9cadas despu\u00e9s de su estreno.",
        "genre": ": Acci\u00f3n, Crimen, Drama",
        "year": "1994"
    },
    {
        "title": "El imperio contraataca",
        "description": "\"El imperio contraataca\" es una pel\u00edcula de ciencia ficci\u00f3n y acci\u00f3n perteneciente a la saga de Star Wars. Dirigida por Irvin Kershner y estrenada en 1980, esta secuela de \"Una nueva esperanza\" sigue la historia de Luke Skywalker, Leia Organa, Han Solo y el resto de la Alianza Rebelde mientras luchan contra el malvado Imperio Gal\u00e1ctico liderado por Darth Vader.\n\nEn esta entrega, los personajes principales se enfrentan a desaf\u00edos a\u00fan mayores, con Luke entrenando para convertirse en un Jedi bajo la tutela de Yoda, mientras Han y Leia intentan escapar de las garras de Vader. La pel\u00edcula est\u00e1 llena de emocionantes batallas espaciales, duelos de sables de luz y giros inesperados que mantienen al espectador en vilo hasta el final.\n\nCon una combinaci\u00f3n perfecta de acci\u00f3n, aventura y drama, \"El imperio contraataca\" es una pel\u00edcula imprescindible para cualquier amante del cine de ciencia ficci\u00f3n y una pieza fundamental en la historia del cine.",
        "genre": "Ciencia ficci\u00f3n / Fantas\u00eda",
        "year": "1980"
    },
    {
        "title": "Apocalypse Now",
        "description": "Apocalypse Now es un \u00e9pico filme de guerra dirigido por Francis Ford Coppola, lanzado en 1979. Ambientada durante la Guerra de Vietnam, la pel\u00edcula sigue al Capit\u00e1n Willard, interpretado por Martin Sheen, en una peligrosa misi\u00f3n para encontrar y asesinar al renegado Coronel Kurtz, interpretado por Marlon Brando, quien ha establecido su propio reino en la selva camboyana.\n\nCon una atm\u00f3sfera intensa y perturbadora, Apocalypse Now es una obra maestra del cine que explora temas como la locura, la moralidad y la brutalidad de la guerra. La cinematograf\u00eda impresionante, la banda sonora ic\u00f3nica y las actuaciones magistrales hacen de esta pel\u00edcula una experiencia cinematogr\u00e1fica inolvidable.\n\nPara los amantes del cine de guerra y de las pel\u00edculas que desaf\u00edan los l\u00edmites narrativos y visuales, Apocalypse Now es una opci\u00f3n imprescindible. Con una duraci\u00f3n de m\u00e1s de tres horas, esta pel\u00edcula es una experiencia inmersiva que te dejar\u00e1 reflexionando mucho despu\u00e9s de que las luces se enciendan en el cine.",
        "genre": ": Drama b\u00e9lico.",
        "year": "1979"
    },
    {
        "title": "2001: Una odisea del espacio",
        "description": "\"2001: Una odisea del espacio\" es una pel\u00edcula de ciencia ficci\u00f3n dirigida por Stanley Kubrick que sigue la evoluci\u00f3n de la humanidad desde sus inicios hasta un futuro distante. A trav\u00e9s de cuatro actos, la pel\u00edcula explora temas como la inteligencia artificial, la evoluci\u00f3n humana y el descubrimiento de vida extraterrestre. Con una narrativa minimalista y visualmente impactante, Kubrick logra crear una experiencia cinematogr\u00e1fica \u00fanica que desaf\u00eda al espectador a reflexionar sobre el significado de la existencia y el papel de la humanidad en el universo.\n\nEsta obra maestra del cine ha sido aclamada por cr\u00edticos y cin\u00e9filos por su innovadora direcci\u00f3n, su impresionante dise\u00f1o de producci\u00f3n y su ic\u00f3nica banda sonora de m\u00fasica cl\u00e1sica. Recomendada para aquellos que disfrutan de pel\u00edculas de ciencia ficci\u00f3n que exploran temas filos\u00f3ficos y existenciales, \"2001: Una odisea del espacio\" es una experiencia cinematogr\u00e1fica que trasciende el g\u00e9nero y se convierte en una obra de arte atemporal.",
        "genre": "Ciencia ficci\u00f3n",
        "year": "1968"
    },
    {
        "title": "Vertigo",
        "description": "Vertigo es un thriller psicol\u00f3gico dirigido por Alfred Hitchcock y estrenado en 1958. La trama sigue a un detective retirado, interpretado por James Stewart, que sufre de v\u00e9rtigo y es contratado para seguir a la esposa de un amigo. A medida que se adentra en el misterio, se ve envuelto en una compleja red de enga\u00f1os y obsesiones.\n\nCon una atm\u00f3sfera inquietante y giros inesperados, Vertigo es una obra maestra del suspense que ha sido aclamada como una de las mejores pel\u00edculas de Hitchcock. La cinematograf\u00eda impresionante y la actuaci\u00f3n magistral de Stewart y Kim Novak hacen de esta pel\u00edcula un cl\u00e1sico del cine noir que sigue siendo relevante hoy en d\u00eda.\n\nPara los amantes del cine de suspense y los aficionados a las pel\u00edculas cl\u00e1sicas, Vertigo es una elecci\u00f3n imprescindible. Con su intrincada trama y su impactante final, esta pel\u00edcula sigue siendo una referencia en el g\u00e9nero del thriller psicol\u00f3gico.",
        "genre": "Suspenso",
        "year": "1958"
    },
    {
        "title": "La naranja mec\u00e1nica",
        "description": "La naranja mec\u00e1nica es una pel\u00edcula de culto del g\u00e9nero de ciencia ficci\u00f3n y drama, dirigida por Stanley Kubrick y estrenada en 1971. La historia sigue a Alex DeLarge, un joven delincuente y l\u00edder de una pandilla que disfruta de la violencia y la m\u00fasica cl\u00e1sica en un futuro dist\u00f3pico. Despu\u00e9s de ser arrestado, Alex es sometido a un experimento de condicionamiento conductual que lo convierte en un ser incapaz de cometer actos violentos, pero tambi\u00e9n lo deja vulnerable a la crueldad de los dem\u00e1s.\n\nLa naranja mec\u00e1nica es una pel\u00edcula provocativa y perturbadora que aborda temas como la libertad individual, la violencia, la moralidad y la manipulaci\u00f3n del gobierno. Con una est\u00e9tica visual \u00fanica y una banda sonora ic\u00f3nica, esta pel\u00edcula es una experiencia cinematogr\u00e1fica inolvidable que desaf\u00eda al espectador a reflexionar sobre la naturaleza humana y la sociedad. Recomendada para aquellos que disfrutan de pel\u00edculas con un fuerte contenido filos\u00f3fico y visualmente impactante.",
        "genre": "S\u00ed, La naranja mec\u00e1nica se puede clasificar principalmente como una pel\u00edcula de drama psicol\u00f3gico y ciencia ficci\u00f3n. Tambi\u00e9n se puede considerar como una pel\u00edcula de crimen y thriller debido a su trama centrada en la violencia y la delincuencia.",
        "year": "1971"
    },
    {
        "title": "Taxi Driver",
        "description": "Taxi Driver es un cl\u00e1sico del cine de drama y thriller psicol\u00f3gico dirigido por Martin Scorsese y estrenado en 1976. La pel\u00edcula sigue la historia de Travis Bickle, un exmarine solitario y perturbado que trabaja como taxista en las peligrosas calles de Nueva York. Obsesionado con limpiar la ciudad de la corrupci\u00f3n y la violencia, Travis se convierte en un vigilante nocturno dispuesto a hacer justicia por su cuenta.\n\nRobert De Niro interpreta magistralmente a Travis Bickle, en una actuaci\u00f3n ic\u00f3nica que le vali\u00f3 una nominaci\u00f3n al premio Oscar. La atm\u00f3sfera sombr\u00eda y la narrativa intensa de Taxi Driver lo convierten en un cl\u00e1sico del cine de culto, explorando temas como la soledad, la alienaci\u00f3n y la violencia urbana de una manera cruda y realista.\n\nPara los amantes del cine independiente y del cine de autor, Taxi Driver es una obra maestra que no se puede perder, con una direcci\u00f3n impecable, una actuaci\u00f3n memorable y una historia que sigue siendo relevante hasta el d\u00eda de hoy.",
        "genre": "Drama/Thriller",
        "year": "1976"
    },
    {
        "title": "El resplandor",
        "description": "El resplandor es una pel\u00edcula de terror psicol\u00f3gico dirigida por Stanley Kubrick y basada en la novela hom\u00f3nima de Stephen King. La trama sigue a Jack Torrance, un escritor y ex alcoh\u00f3lico que acepta un trabajo como cuidador de un hotel aislado durante el invierno, junto a su esposa Wendy y su hijo Danny, quien posee habilidades ps\u00edquicas. A medida que la familia se adentra en la soledad del hotel, Jack comienza a perder la cordura y se ve influenciado por fuerzas sobrenaturales que lo llevan a cometer actos violentos.\n\nEl resplandor es una obra maestra del cine de terror, conocida por su atm\u00f3sfera inquietante, su brillante direcci\u00f3n de fotograf\u00eda y la ic\u00f3nica interpretaci\u00f3n de Jack Nicholson como Jack Torrance. La pel\u00edcula es un cl\u00e1sico del g\u00e9nero y ha sido aclamada por cr\u00edticos y espectadores por igual. Recomendada para los amantes del cine de terror psicol\u00f3gico y para aquellos que disfrutan de las pel\u00edculas con una narrativa intensa y perturbadora.",
        "genre": "Terror psicol\u00f3gico.",
        "year": "1980"
    },
    {
        "title": "Lawrence de Arabia",
        "description": "\"Lawrence de Arabia\" es una pel\u00edcula \u00e9pica de aventuras y drama hist\u00f3rico dirigida por David Lean. Ambientada durante la Primera Guerra Mundial, sigue la vida del carism\u00e1tico oficial brit\u00e1nico T.E. Lawrence, interpretado magistralmente por Peter O'Toole, mientras lidera a las tribus \u00e1rabes en su lucha contra el Imperio Otomano.\n\nCon una cinematograf\u00eda impresionante que captura los vastos paisajes del desierto de Arabia, la pel\u00edcula es un espect\u00e1culo visual que ha sido aclamado por su direcci\u00f3n, actuaciones y guion. Adem\u00e1s, cuenta con una banda sonora inolvidable compuesta por Maurice Jarre.\n\n\"Lawrence de Arabia\" es una obra maestra del cine que ha sido galardonada con siete premios Oscar, incluyendo Mejor Pel\u00edcula y Mejor Director. Recomendada para los amantes de las pel\u00edculas hist\u00f3ricas y de aventuras, esta pel\u00edcula es un cl\u00e1sico que no te puedes perder.",
        "genre": "Drama hist\u00f3rico.",
        "year": "1962"
    },
    {
        "title": "Psicosis",
        "description": "Psicosis es un cl\u00e1sico del cine de terror y suspenso dirigido por Alfred Hitchcock. La pel\u00edcula sigue la historia de Marion Crane, una secretaria que roba dinero de su jefe y se refugia en un motel dirigido por el misterioso Norman Bates. A medida que la trama se desarrolla, descubrimos oscuros secretos sobre Bates y su relaci\u00f3n con su madre, desencadenando una serie de eventos perturbadores y sorprendentes.\n\nCon una atm\u00f3sfera tensa y un giro inesperado, Psicosis es una obra maestra del cine que ha influenciado a generaciones de cineastas. La actuaci\u00f3n de Anthony Perkins como Norman Bates es ic\u00f3nica, creando un personaje inolvidable y perturbador. La direcci\u00f3n de Hitchcock es impecable, creando una sensaci\u00f3n de paranoia y suspense que mantiene al espectador en vilo hasta el impactante final.\n\nPara los amantes del cine de terror y suspenso, Psicosis es una pel\u00edcula imprescindible que sigue siendo tan impactante y relevante hoy como lo fue en su estreno en 1960.",
        "genre": "Suspenso/Thriller",
        "year": "1960"
    },
    {
        "title": "Blade Runner",
        "description": "Blade Runner es una pel\u00edcula de ciencia ficci\u00f3n dirigida por Ridley Scott y estrenada en 1982. Ambientada en un futuro dist\u00f3pico en el a\u00f1o 2019, la historia sigue a un ex polic\u00eda llamado Rick Deckard, interpretado por Harrison Ford, quien es contratado para cazar a unos androides llamados replicantes que se han rebelado contra sus creadores.\n\nEl film combina elementos de cine noir con una est\u00e9tica cyberpunk, creando un mundo visualmente impresionante y lleno de atm\u00f3sfera. La trama se centra en cuestiones filos\u00f3ficas sobre la naturaleza de la humanidad, la inteligencia artificial y la moralidad, lo que la convierte en una pel\u00edcula de ciencia ficci\u00f3n profunda y reflexiva.\n\nBlade Runner es considerada una obra maestra del g\u00e9nero y ha influido en numerosas pel\u00edculas posteriores. Recomendada para los amantes del cine de ciencia ficci\u00f3n que buscan una historia compleja y visualmente impactante.",
        "genre": "Ciencia ficci\u00f3n futurista.",
        "year": "1982"
    },
    {
        "title": "El bueno, el malo y el feo",
        "description": "El bueno, el malo y el feo es un cl\u00e1sico del cine western dirigido por Sergio Leone y protagonizado por Clint Eastwood, Lee Van Cleef y Eli Wallach. La pel\u00edcula sigue la historia de tres cazadores de recompensas que se ven envueltos en la b\u00fasqueda de un tesoro escondido durante la Guerra Civil Americana. Con un estilo visual \u00fanico y una ic\u00f3nica banda sonora de Ennio Morricone, esta pel\u00edcula es un referente del g\u00e9nero spaghetti western.\n\nCon una mezcla de acci\u00f3n, humor negro y personajes inolvidables, El bueno, el malo y el feo es una obra maestra del cine que ha influenciado a generaciones de cineastas. Con su narrativa no lineal y su enfoque en la violencia y la codicia, esta pel\u00edcula es perfecta para los amantes del cine de g\u00e9nero y para aquellos que disfrutan de historias \u00e9picas y emocionantes. Una recomendaci\u00f3n segura para los aficionados al cine cl\u00e1sico y a las pel\u00edculas de culto.",
        "genre": "Western",
        "year": "1966"
    },
    {
        "title": "12 hombres sin piedad",
        "description": "\"12 hombres sin piedad\" es un cl\u00e1sico del cine de drama y suspenso dirigido por Sidney Lumet. La trama se desarrolla en una sala de deliberaci\u00f3n de un jurado, donde 12 hombres deben decidir el destino de un joven acusado de asesinato. A medida que discuten el caso, surgen tensiones, prejuicios y conflictos personales que ponen en duda la imparcialidad de la decisi\u00f3n final. La pel\u00edcula se centra en el poder del di\u00e1logo y la importancia de la justicia, explorando temas como el racismo, la moralidad y la responsabilidad individual. Con un elenco de actores talentosos como Henry Fonda, Lee J. Cobb y Jack Warden, \"12 hombres sin piedad\" es un thriller psicol\u00f3gico que mantiene al espectador en vilo hasta el \u00faltimo momento. Recomendada para los amantes del cine cl\u00e1sico y las historias que desaf\u00edan la percepci\u00f3n de la verdad.",
        "genre": "Drama judicial.",
        "year": "1957"
    },
    {
        "title": "Los siete samur\u00e1is",
        "description": "Los siete samur\u00e1is es una pel\u00edcula japonesa de g\u00e9nero drama y acci\u00f3n dirigida por Akira Kurosawa. La trama se desarrolla en un pueblo campesino que es constantemente atacado por bandidos, por lo que los aldeanos deciden contratar a siete samur\u00e1is para que los protejan. Cada samur\u00e1i tiene su propia personalidad y habilidades \u00fanicas, lo que los convierte en un equipo diverso y poderoso. A lo largo de la pel\u00edcula, se exploran temas como el honor, la lealtad y el sacrificio, mientras los samur\u00e1is entrenan a los aldeanos para que puedan defenderse por s\u00ed mismos.\n\nLos siete samur\u00e1is es una obra maestra del cine japon\u00e9s que ha influenciado a numerosas pel\u00edculas de acci\u00f3n y aventuras. Con una narrativa \u00e9pica, personajes memorables y escenas de combate impresionantes, esta pel\u00edcula es una opci\u00f3n perfecta para los amantes del cine cl\u00e1sico y de las historias de h\u00e9roes valientes. Su impacto cultural y su relevancia en la historia del cine la convierten en una pel\u00edcula imprescindible para cualquier cin\u00e9filo.",
        "genre": ": Drama hist\u00f3rico/acci\u00f3n.",
        "year": "1954"
    },
    {
        "title": "La vida es bella",
        "description": "La vida es bella es una pel\u00edcula de comedia dram\u00e1tica dirigida y protagonizada por Roberto Benigni. Ambientada en la Italia de la Segunda Guerra Mundial, la historia sigue a Guido, un hombre jud\u00edo que utiliza su ingenio y sentido del humor para proteger a su hijo de los horrores del Holocausto al hacerle creer que est\u00e1n participando en un juego para ganar puntos.\n\nCon una mezcla perfecta de comedia y tragedia, La vida es bella es una pel\u00edcula conmovedora que nos muestra el poder del amor y la esperanza en medio de la adversidad. La actuaci\u00f3n de Benigni es excepcional y logra transmitir una amplia gama de emociones a lo largo de la pel\u00edcula.\n\nRecomendada para aquellos que buscan una historia conmovedora y emotiva, La vida es bella es una obra maestra del cine que nos recuerda la importancia de mantener la esperanza incluso en los momentos m\u00e1s oscuros.",
        "genre": "La pel\u00edcula \"La vida es bella\" se puede calificar como un drama con elementos de comedia y romance. Aunque aborda temas serios como el Holocausto, la historia est\u00e1 contada de una manera optimista y conmovedora, lo que la convierte en una pel\u00edcula \u00fanica que combina diferentes g\u00e9neros.",
        "year": "1997"
    },
    {
        "title": "El club de la pelea",
        "description": "El club de la pelea es un thriller psicol\u00f3gico dirigido por David Fincher y protagonizado por Edward Norton, Brad Pitt y Helena Bonham Carter. La pel\u00edcula sigue la historia de un hombre insomne y descontento con su vida que conoce a un carism\u00e1tico vendedor de jab\u00f3n llamado Tyler Durden. Juntos, crean un club clandestino de pelea donde hombres de todas las edades se re\u00fanen para liberar su frustraci\u00f3n y sentirse vivos.\n\nEl g\u00e9nero de El club de la pelea es un drama psicol\u00f3gico con elementos de acci\u00f3n y suspenso. La pel\u00edcula explora temas como la masculinidad, la alienaci\u00f3n social y la b\u00fasqueda de identidad en la sociedad moderna. Con una narrativa no lineal y giros inesperados, El club de la pelea es una pel\u00edcula que desaf\u00eda al espectador a reflexionar sobre su propia existencia y las normas impuestas por la sociedad.\n\nPara los amantes del cine que buscan una experiencia cinematogr\u00e1fica intensa y provocadora, El club de la pelea es una opci\u00f3n recomendada. Su direcci\u00f3n visualmente impactante, actuaciones s\u00f3lidas y guion inteligente la convierten en una obra maestra del cine contempor\u00e1neo.",
        "genre": "Drama psicol\u00f3gico.",
        "year": "1999"
    },
    {
        "title": "El se\u00f1or de los anillos: El retorno del rey",
        "description": "El se\u00f1or de los anillos: El retorno del rey es una pel\u00edcula de fantas\u00eda \u00e9pica dirigida por Peter Jackson y basada en la novela hom\u00f3nima de J.R.R. Tolkien. En esta tercera entrega de la trilog\u00eda, la batalla final por la Tierra Media se acerca mientras Frodo y Sam contin\u00faan su peligroso viaje para destruir el Anillo \u00danico en el Monte del Destino. Mientras tanto, Aragorn debe reclamar su derecho al trono como rey leg\u00edtimo de Gondor y liderar a las fuerzas de la Tierra Media en la guerra contra Sauron y sus ej\u00e9rcitos.\n\nCon impresionantes efectos especiales, una banda sonora \u00e9pica y un elenco estelar que incluye a Viggo Mortensen, Elijah Wood, Ian McKellen y Orlando Bloom, El retorno del rey es una obra maestra del cine fant\u00e1stico que combina acci\u00f3n, emoci\u00f3n y un profundo sentido de la amistad y la valent\u00eda. Esta pel\u00edcula es imprescindible para los amantes del g\u00e9nero de fantas\u00eda y para aquellos que disfrutan de historias \u00e9picas y emocionantes.",
        "genre": "Fantas\u00eda \u00e9pica",
        "year": "2003"
    },
    {
        "title": "Forrest Gump",
        "description": "Forrest Gump es una pel\u00edcula de drama y comedia dirigida por Robert Zemeckis y estrenada en 1994. La historia sigue la vida de Forrest Gump, un hombre con discapacidad intelectual que, a pesar de sus limitaciones, logra vivir una vida extraordinaria llena de aventuras y encuentros con personajes hist\u00f3ricos. La pel\u00edcula abarca desde los a\u00f1os 50 hasta los 80, mostrando c\u00f3mo Forrest se convierte en un h\u00e9roe de guerra, un exitoso jugador de ping pong, un empresario millonario y un corredor de larga distancia.\n\nCon un guion inteligente y emotivo, Forrest Gump es una pel\u00edcula que combina momentos de comedia, drama y romance de una manera \u00fanica. La actuaci\u00f3n de Tom Hanks en el papel principal es excepcional y le vali\u00f3 un premio Oscar. Adem\u00e1s, la banda sonora es ic\u00f3nica y ayuda a crear la atm\u00f3sfera nost\u00e1lgica de la pel\u00edcula.\n\nRecomendada para aquellos que disfrutan de historias conmovedoras, personajes entra\u00f1ables y un mensaje positivo sobre la vida y la superaci\u00f3n de obst\u00e1culos. Forrest Gump es un cl\u00e1sico del cine que no te puedes perder.",
        "genre": "Drama/Comedia dram\u00e1tica",
        "year": "1994"
    },
    {
        "title": "Matrix",
        "description": "Matrix es una pel\u00edcula de ciencia ficci\u00f3n y acci\u00f3n dirigida por los hermanos Wachowski y estrenada en 1999. La trama sigue a Neo, un programador inform\u00e1tico que descubre que la realidad en la que vive es una simulaci\u00f3n creada por m\u00e1quinas para controlar a la humanidad. Neo se une a un grupo de rebeldes liderados por Morpheus para luchar contra las m\u00e1quinas y liberar a la humanidad.\n\nLa pel\u00edcula es conocida por su innovadora cinematograf\u00eda, efectos especiales revolucionarios y su compleja trama filos\u00f3fica sobre la realidad y la percepci\u00f3n. Matrix es una pel\u00edcula que combina acci\u00f3n trepidante con reflexiones profundas sobre la naturaleza de la existencia y el poder de la tecnolog\u00eda. Con actuaciones destacadas de Keanu Reeves, Laurence Fishburne y Carrie-Anne Moss, Matrix se ha convertido en un cl\u00e1sico del cine de ciencia ficci\u00f3n y es una recomendaci\u00f3n ideal para los amantes de las pel\u00edculas de acci\u00f3n y ciencia ficci\u00f3n con un toque filos\u00f3fico.",
        "genre": "Ciencia ficci\u00f3n.",
        "year": "1999"
    },
    {
        "title": "Tiempos modernos",
        "description": "\"Tiempos modernos\" es una pel\u00edcula de comedia y drama dirigida por Charles Chaplin, estrenada en 1936. La historia sigue a un trabajador de una f\u00e1brica que lucha por sobrevivir en una sociedad industrializada y deshumanizada. A trav\u00e9s de situaciones c\u00f3micas y emotivas, Chaplin critica la mecanizaci\u00f3n del trabajo y la falta de humanidad en la era moderna.\n\nLa pel\u00edcula es una obra maestra del cine mudo, con Chaplin desempe\u00f1ando el papel principal y tambi\u00e9n dirigiendo la pel\u00edcula. Su actuaci\u00f3n f\u00edsica y expresiva es impresionante, y su habilidad para combinar comedia y cr\u00edtica social es \u00fanica. \"Tiempos modernos\" es una pel\u00edcula atemporal que sigue siendo relevante hoy en d\u00eda, ya que aborda temas como la alienaci\u00f3n laboral, la desigualdad social y la lucha por la dignidad humana.\n\nRecomendar\u00eda esta pel\u00edcula a los amantes del cine cl\u00e1sico y a aquellos interesados en la historia del cine y la cr\u00edtica social. \"Tiempos modernos\" es una joya cinematogr\u00e1fica que no te puedes perder.",
        "genre": "Comedia dram\u00e1tica",
        "year": "1936"
    },
    {
        "title": "Gladiator",
        "description": "Gladiator es una pel\u00edcula de acci\u00f3n y drama hist\u00f3rico dirigida por Ridley Scott y protagonizada por Russell Crowe. La trama sigue la historia de Maximus, un general romano que es traicionado por el hijo del emperador y se convierte en esclavo, forzado a convertirse en gladiador para vengar la muerte de su familia y recuperar su honor. La pel\u00edcula est\u00e1 llena de escenas de batallas \u00e9picas, intriga pol\u00edtica y un intenso drama personal que mantiene al espectador en vilo durante toda la pel\u00edcula.\n\nCon una excelente direcci\u00f3n de Ridley Scott y una actuaci\u00f3n memorable de Russell Crowe, Gladiator se ha convertido en un cl\u00e1sico del cine de acci\u00f3n y ha sido aclamada por la cr\u00edtica y el p\u00fablico por igual. Si te gustan las pel\u00edculas de \u00e9poca, con una trama emocionante y personajes memorables, Gladiator es una excelente opci\u00f3n para disfrutar de una gran historia de venganza y redenci\u00f3n en la antigua Roma.",
        "genre": "Acci\u00f3n/drama.",
        "year": "2000"
    },
    {
        "title": "El silencio de los corderos",
        "description": "El silencio de los corderos es un thriller psicol\u00f3gico dirigido por Jonathan Demme y estrenado en 1991. La pel\u00edcula sigue a la agente del FBI Clarice Starling, interpretada por Jodie Foster, quien busca la ayuda del brillante pero perturbado Dr. Hannibal Lecter, interpretado por Anthony Hopkins, para atrapar a un peligroso asesino en serie conocido como Buffalo Bill.\n\nCon una trama intensa y llena de suspenso, El silencio de los corderos es una obra maestra del g\u00e9nero, que combina elementos de horror, crimen y drama de manera magistral. La actuaci\u00f3n de Hopkins como el siniestro Hannibal Lecter le vali\u00f3 un premio \u00d3scar, convirti\u00e9ndolo en uno de los villanos m\u00e1s ic\u00f3nicos del cine.\n\nEsta pel\u00edcula es perfecta para los amantes del cine de suspenso y para aquellos que disfrutan de tramas intrincadas y personajes complejos. Con una atm\u00f3sfera inquietante y un guion impecable, El silencio de los corderos es una pel\u00edcula que te mantendr\u00e1 al borde de tu asiento de principio a fin.",
        "genre": "S\u00ed, \"El silencio de los corderos\" se clasifica principalmente como un thriller psicol\u00f3gico.",
        "year": "1991"
    },
    {
        "title": "El gran dictador",
        "description": "El gran dictador es una comedia sat\u00edrica dirigida y protagonizada por Charlie Chaplin, estrenada en 1940. La pel\u00edcula se centra en la historia de un barbero jud\u00edo que es confundido con un dictador parecido a Adolf Hitler y termina siendo arrestado y encarcelado. A trav\u00e9s de situaciones c\u00f3micas y emotivas, Chaplin critica de manera contundente el r\u00e9gimen nazi y la opresi\u00f3n pol\u00edtica.\n\nEl gran dictador es una obra maestra del cine mudo que combina humor, cr\u00edtica social y un mensaje de esperanza y humanidad. La actuaci\u00f3n de Chaplin es brillante y su discurso final es uno de los momentos m\u00e1s ic\u00f3nicos de la historia del cine. Esta pel\u00edcula es una recomendaci\u00f3n perfecta para aquellos que disfrutan de la comedia inteligente y con un trasfondo pol\u00edtico, as\u00ed como para los amantes del cine cl\u00e1sico y de autor. El gran dictador es una obra atemporal que sigue siendo relevante en la actualidad.",
        "genre": "Comedia sat\u00edrica.",
        "year": "1940"
    },
    {
        "title": "Salvar al soldado Ryan",
        "description": "Salvar al soldado Ryan es una pel\u00edcula de guerra dirigida por Steven Spielberg y estrenada en 1998. Ambientada durante la Segunda Guerra Mundial, la trama sigue a un grupo de soldados estadounidenses que son enviados en una peligrosa misi\u00f3n para rescatar al soldado James Ryan, cuyos tres hermanos han muerto en combate. El filme combina acci\u00f3n intensa con momentos emotivos, explorando temas como el sacrificio, la camarader\u00eda y el hero\u00edsmo en tiempos de guerra.\n\nCon un elenco estelar que incluye a Tom Hanks, Matt Damon, Tom Sizemore y Vin Diesel, Salvar al soldado Ryan es una obra maestra del cine b\u00e9lico que destaca por su realismo, direcci\u00f3n magistral y efectos visuales impresionantes. Recomendada para los amantes de las pel\u00edculas de guerra y para aquellos que buscan una experiencia cinematogr\u00e1fica emocionante y conmovedora.",
        "genre": "B\u00e9lico/drama.",
        "year": "1998"
    },
    {
        "title": "El apartamento",
        "description": "El apartamento es una pel\u00edcula de comedia y drama dirigida por Billy Wilder y estrenada en 1960. La trama sigue a un empleado de una compa\u00f1\u00eda de seguros, interpretado por Jack Lemmon, que presta su apartamento a sus jefes para que tengan aventuras extramatrimoniales. Sin embargo, su vida se complica cuando se enamora de una de las amantes de su jefe, interpretada por Shirley MacLaine. La pel\u00edcula aborda temas como la soledad, la ambici\u00f3n y la \u00e9tica en el mundo laboral, todo ello con un toque de humor y sarcasmo caracter\u00edstico de Wilder.\n\nEl apartamento es una obra maestra del cine cl\u00e1sico hollywoodense, con un guion inteligente, di\u00e1logos afilados y actuaciones brillantes. Ganadora de cinco premios Oscar, incluyendo Mejor Pel\u00edcula y Mejor Director, es una pel\u00edcula que sigue siendo relevante y entretenida hasta el d\u00eda de hoy. Recomendada para los amantes del cine cl\u00e1sico y de las historias con un toque de romanticismo y comedia.",
        "genre": "Comedia dram\u00e1tica.",
        "year": "1960"
    },
    {
        "title": "Amadeus",
        "description": "Amadeus es una pel\u00edcula dram\u00e1tica y biogr\u00e1fica dirigida por Milos Forman que narra la vida del genio musical Wolfgang Amadeus Mozart, desde la perspectiva de su rival y envidioso contempor\u00e1neo, Antonio Salieri. Ambientada en la Viena del siglo XVIII, la trama se centra en la relaci\u00f3n conflictiva entre los dos compositores, mostrando la genialidad y la tormentosa vida personal de Mozart, as\u00ed como la amargura y la obsesi\u00f3n de Salieri por destruirlo.\n\nCon una magn\u00edfica direcci\u00f3n art\u00edstica, una banda sonora excepcional y actuaciones memorables, Amadeus es una obra maestra del cine que combina drama, m\u00fasica cl\u00e1sica y un profundo estudio psicol\u00f3gico de sus personajes. Ganadora de ocho premios Oscar, incluyendo Mejor Pel\u00edcula y Mejor Actor para F. Murray Abraham, esta pel\u00edcula es imprescindible para los amantes de la m\u00fasica, la historia y el arte en general. Una joya cinematogr\u00e1fica que cautivar\u00e1 a cualquier espectador con su belleza visual y su poderosa narrativa.",
        "genre": "Drama hist\u00f3rico.",
        "year": "1984"
    },
    {
        "title": "Braveheart",
        "description": "Braveheart es una pel\u00edcula \u00e9pica de drama y acci\u00f3n dirigida y protagonizada por Mel Gibson. Ambientada en Escocia en el siglo XIII, la historia sigue a William Wallace, un l\u00edder escoc\u00e9s que lucha contra la opresi\u00f3n del rey Eduardo I de Inglaterra. La pel\u00edcula narra la valiente lucha de Wallace por la libertad de su pueblo, enfrent\u00e1ndose a batallas \u00e9picas y desafiando al poderoso ej\u00e9rcito ingl\u00e9s.\n\nCon una mezcla de romance, traici\u00f3n y hero\u00edsmo, Braveheart es una pel\u00edcula que emociona y cautiva al espectador. La actuaci\u00f3n de Mel Gibson es impresionante, transmitiendo la pasi\u00f3n y determinaci\u00f3n de su personaje de manera magistral. La cinematograf\u00eda es impresionante, con escenas de batallas grandiosas y paisajes escoceses impresionantes.\n\nPara los amantes de las pel\u00edculas de \u00e9poca, de acci\u00f3n y de historias de valent\u00eda y sacrificio, Braveheart es una opci\u00f3n perfecta. Con una duraci\u00f3n de m\u00e1s de tres horas, esta pel\u00edcula te mantendr\u00e1 pegado a la pantalla de principio a fin.",
        "genre": ": Drama hist\u00f3rico.",
        "year": "1995"
    },
    {
        "title": "El pianista",
        "description": "El pianista es una pel\u00edcula dram\u00e1tica de guerra dirigida por Roman Polanski y estrenada en 2002. Basada en las memorias del pianista polaco jud\u00edo W\u0142adys\u0142aw Szpilman, la pel\u00edcula narra la historia de su lucha por sobrevivir durante la ocupaci\u00f3n nazi en Varsovia durante la Segunda Guerra Mundial.\n\nAdrien Brody interpreta magistralmente a Szpilman, mostrando su lucha por mantenerse con vida en medio del caos y la destrucci\u00f3n que lo rodea. La pel\u00edcula destaca por su intensidad emocional, su realismo crudo y su impactante representaci\u00f3n de la brutalidad de la guerra.\n\nEl pianista es una obra maestra del cine que ha sido aclamada por la cr\u00edtica y el p\u00fablico por su poderosa narrativa, su direcci\u00f3n impecable y las actuaciones sobresalientes de su elenco. Recomendada para aquellos que buscan una experiencia cinematogr\u00e1fica profunda y conmovedora, esta pel\u00edcula es un testimonio conmovedor de la resistencia humana en tiempos de adversidad.",
        "genre": "Drama hist\u00f3rico.",
        "year": "2002"
    },
    {
        "title": "El s\u00e9ptimo sello",
        "description": "El s\u00e9ptimo sello es una pel\u00edcula de drama y fantas\u00eda dirigida por Ingmar Bergman en 1957. La historia sigue a un caballero cruzado llamado Antonius Block, quien regresa a su tierra natal despu\u00e9s de participar en las Cruzadas y se encuentra con la Muerte, a quien desaf\u00eda a un juego de ajedrez para ganar tiempo y encontrar respuestas sobre el significado de la vida y la existencia de Dios. La pel\u00edcula se desarrolla en la Europa medieval y explora temas filos\u00f3ficos profundos como la fe, la mortalidad y la existencia del mal en el mundo.\n\nEl s\u00e9ptimo sello es una obra maestra del cine europeo y es considerada una de las pel\u00edculas m\u00e1s influyentes de la historia del cine. Su estilo visual \u00fanico, su narrativa introspectiva y su profunda exploraci\u00f3n de la condici\u00f3n humana la convierten en una pel\u00edcula imprescindible para los amantes del cine de autor y del cine de arte. Recomendada para aquellos que disfrutan de pel\u00edculas con un enfoque filos\u00f3fico y existencialista.",
        "genre": "Drama hist\u00f3rico/ Fantas\u00eda medieval",
        "year": "1957"
    },
    {
        "title": "El tercer hombre",
        "description": "El tercer hombre es un cl\u00e1sico del cine negro y del suspense dirigido por Carol Reed en 1949. Ambientada en la Viena de la posguerra, la pel\u00edcula sigue la historia de Holly Martins, un escritor estadounidense que llega a la ciudad para encontrarse con su amigo Harry Lime, solo para descubrir que ha fallecido en extra\u00f1as circunstancias. A medida que Holly investiga la muerte de su amigo, se ve envuelto en una red de corrupci\u00f3n, traici\u00f3n y enga\u00f1o.\n\nCon una atm\u00f3sfera sombr\u00eda y una cinematograf\u00eda impresionante en blanco y negro, El tercer hombre es una obra maestra del cine noir que combina intriga, suspense y drama de una manera magistral. La actuaci\u00f3n de Orson Welles como Harry Lime es especialmente destacada, creando un personaje ic\u00f3nico y ambiguo que sigue siendo recordado hasta el d\u00eda de hoy.\n\nPara los amantes del cine cl\u00e1sico y del g\u00e9nero negro, El tercer hombre es una pel\u00edcula imprescindible que no decepcionar\u00e1.",
        "genre": "El g\u00e9nero de la pel\u00edcula \"El tercer hombre\" podr\u00eda ser clasificado como un thriller de misterio y suspense.",
        "year": "1949"
    },
    {
        "title": "El exorcista",
        "description": "El exorcista es un cl\u00e1sico del cine de terror dirigido por William Friedkin y estrenado en 1973. La pel\u00edcula sigue la historia de Regan, una ni\u00f1a pose\u00edda por un demonio, y la lucha de un sacerdote, el padre Karras, por salvar su alma a trav\u00e9s de un exorcismo. Con una atm\u00f3sfera inquietante, efectos especiales impactantes y actuaciones memorables, El exorcista se ha convertido en un referente del g\u00e9nero de terror y ha dejado una marca indeleble en la cultura popular.\n\nRecomendada para los amantes del cine de terror que buscan una experiencia escalofriante y perturbadora, El exorcista es una pel\u00edcula que desaf\u00eda los l\u00edmites de lo sobrenatural y explora temas como la fe, el bien y el mal. Con una narrativa intensa y un final impactante, esta pel\u00edcula es ideal para aquellos que disfrutan de las historias de posesiones demon\u00edacas y exorcismos. Prep\u00e1rate para vivir una experiencia aterradora y emocionante con El exorcista.",
        "genre": "Terror",
        "year": "1973"
    },
    {
        "title": "Sin novedad en el frente",
        "description": "Sin novedad en el frente es una pel\u00edcula de guerra y drama dirigida por Lewis Milestone y estrenada en 1930. Basada en la novela hom\u00f3nima de Erich Maria Remarque, la historia sigue a un grupo de j\u00f3venes soldados alemanes que luchan en la Primera Guerra Mundial y experimentan los horrores y la brutalidad del conflicto.\n\nLa pel\u00edcula ofrece una visi\u00f3n cruda y realista de la guerra, mostrando el impacto devastador que tiene en la juventud y la humanidad de los soldados. A trav\u00e9s de la perspectiva de un joven recluta, se exploran temas como la camarader\u00eda, el miedo, la p\u00e9rdida y la deshumanizaci\u00f3n que se produce en el campo de batalla.\n\nSin novedad en el frente es una obra maestra del cine b\u00e9lico que ha sido aclamada por su poderoso mensaje anti-b\u00e9lico y su impactante representaci\u00f3n de la guerra. Recomendada para aquellos que buscan una pel\u00edcula que les haga reflexionar sobre las consecuencias de la violencia y la brutalidad de la guerra.",
        "genre": "Drama de guerra.",
        "year": "1930"
    },
    {
        "title": "La ventana indiscreta",
        "description": "La ventana indiscreta es un cl\u00e1sico del cine de suspense dirigido por Alfred Hitchcock. El g\u00e9nero de la pel\u00edcula es un thriller psicol\u00f3gico que sigue la historia de un fot\u00f3grafo confinado en su apartamento debido a una pierna rota. Confinado a su silla de ruedas, comienza a espiar a sus vecinos a trav\u00e9s de su ventana, convencido de que uno de ellos ha cometido un asesinato. A medida que la trama se desarrolla, el protagonista se ve envuelto en una peligrosa situaci\u00f3n en la que su vida corre peligro.\n\nLa ventana indiscreta es una pel\u00edcula que mantiene al espectador en vilo de principio a fin, con giros inesperados y una atm\u00f3sfera de tensi\u00f3n constante. Con actuaciones destacadas de James Stewart y Grace Kelly, esta pel\u00edcula es un ejemplo perfecto del talento de Hitchcock para crear suspenso y mantener al p\u00fablico al borde de su asiento. Recomendada para los amantes del cine cl\u00e1sico y del g\u00e9nero de suspense.",
        "genre": "Suspenso",
        "year": "1954"
    },
    {
        "title": "El puente sobre el r\u00edo Kwai",
        "description": "El puente sobre el r\u00edo Kwai es un cl\u00e1sico del cine b\u00e9lico dirigido por David Lean y estrenado en 1957. Ambientada durante la Segunda Guerra Mundial, la pel\u00edcula sigue la historia de un grupo de prisioneros de guerra brit\u00e1nicos que son obligados por sus captores japoneses a construir un puente ferroviario en plena jungla de Birmania. El conflicto moral surge cuando el coronel brit\u00e1nico a cargo de los prisioneros decide colaborar en la construcci\u00f3n del puente para demostrar la superioridad brit\u00e1nica, desafiando as\u00ed a sus propios compatriotas que intentan sabotear la obra.\n\nEl puente sobre el r\u00edo Kwai es una obra maestra del cine b\u00e9lico que combina acci\u00f3n, drama y dilemas \u00e9ticos en un contexto hist\u00f3rico fascinante. Ganadora de varios premios Oscar, esta pel\u00edcula es imprescindible para los amantes del cine cl\u00e1sico y para aquellos interesados en la historia de la Segunda Guerra Mundial.",
        "genre": "B\u00e9lico/drama.",
        "year": "1957"
    },
    {
        "title": "El rey le\u00f3n",
        "description": "El Rey Le\u00f3n es una pel\u00edcula de animaci\u00f3n y aventuras dirigida por Roger Allers y Rob Minkoff. La historia sigue a Simba, un joven le\u00f3n que debe enfrentarse a su destino como rey de la sabana africana despu\u00e9s de la muerte de su padre, Mufasa. Con la ayuda de sus amigos Tim\u00f3n y Pumba, Simba aprender\u00e1 valiosas lecciones sobre el amor, la responsabilidad y el coraje mientras lucha contra su malvado t\u00edo Scar.\n\nEsta pel\u00edcula es perfecta para toda la familia, ya que combina momentos emotivos con escenas llenas de humor y acci\u00f3n. La animaci\u00f3n es impresionante y la banda sonora, compuesta por Elton John y Tim Rice, es inolvidable. El Rey Le\u00f3n es una historia atemporal que ense\u00f1a importantes valores y deja un mensaje positivo para los espectadores de todas las edades. \u00a1No te la puedes perder!",
        "genre": ": Animaci\u00f3n, Aventura, Drama.",
        "year": "1994"
    },
    {
        "title": "El graduado",
        "description": "El graduado es una pel\u00edcula de comedia dram\u00e1tica dirigida por Mike Nichols y estrenada en 1967. El filme sigue la historia de Benjamin Braddock, un joven reci\u00e9n graduado universitario que se siente perdido y sin rumbo en la vida. Su vida da un giro inesperado cuando comienza una relaci\u00f3n amorosa con la seductora Sra. Robinson, la esposa de su padre. A medida que la relaci\u00f3n se complica, Benjamin se ve envuelto en un tri\u00e1ngulo amoroso con la hija de la Sra. Robinson, la encantadora Elaine.\n\nCon un guion inteligente y di\u00e1logos memorables, El graduado es una pel\u00edcula ic\u00f3nica que aborda temas como la alienaci\u00f3n, la rebeld\u00eda juvenil y la b\u00fasqueda de identidad. Destaca por la actuaci\u00f3n magistral de Dustin Hoffman en el papel de Benjamin y la ic\u00f3nica banda sonora de Simon & Garfunkel. Recomendada para aquellos que disfrutan de pel\u00edculas cl\u00e1sicas con un toque de humor y drama, El graduado es un cl\u00e1sico del cine que sigue siendo relevante hasta el d\u00eda de hoy.",
        "genre": "Comedia dram\u00e1tica",
        "year": "1967"
    },
    {
        "title": "La misi\u00f3n",
        "description": "La misi\u00f3n es una pel\u00edcula de drama hist\u00f3rico dirigida por Roland Joff\u00e9 y estrenada en 1986. Ambientada en el siglo XVIII, la historia sigue a un mercenario espa\u00f1ol (interpretado por Robert De Niro) que se une a un grupo de jesuitas en la selva sudamericana para proteger a una comunidad ind\u00edgena de la esclavitud impuesta por los colonizadores portugueses y espa\u00f1oles.\n\nEl filme aborda temas como la colonizaci\u00f3n, la religi\u00f3n y la lucha por la justicia social, ofreciendo una reflexi\u00f3n profunda sobre la moralidad y el conflicto entre la fe y la violencia. La cinematograf\u00eda es impresionante, con paisajes exuberantes y una banda sonora emotiva que realza la intensidad de la trama.\n\nLa misi\u00f3n es una pel\u00edcula que combina acci\u00f3n, intriga y emotividad, recomendada para aquellos que disfrutan de historias basadas en hechos reales, con un trasfondo hist\u00f3rico y un mensaje poderoso sobre la lucha por la libertad y la dignidad humana.",
        "genre": "Drama hist\u00f3rico",
        "year": "1986"
    },
    {
        "title": "El \u00faltimo emperador",
        "description": "El \u00faltimo emperador es una pel\u00edcula de drama hist\u00f3rico dirigida por Bernardo Bertolucci. La historia sigue la vida de Pu Yi, quien fue el \u00faltimo emperador de China, desde su ascenso al trono a una edad temprana hasta su ca\u00edda durante la Revoluci\u00f3n Cultural. La pel\u00edcula muestra la transformaci\u00f3n de Pu Yi de un ni\u00f1o mimado y ajeno a la realidad a un hombre que finalmente encuentra la redenci\u00f3n y la paz interior.\n\nCon una impresionante cinematograf\u00eda y una cuidadosa atenci\u00f3n al detalle en la recreaci\u00f3n de la China imperial, El \u00faltimo emperador es una obra maestra visual que cautiva al espectador desde el primer momento. Ganadora de nueve premios Oscar, incluyendo Mejor Pel\u00edcula y Mejor Director, esta pel\u00edcula es una joya del cine que combina la historia con la belleza est\u00e9tica de una manera \u00fanica. Recomendada para aquellos que disfrutan de las pel\u00edculas hist\u00f3ricas y biogr\u00e1ficas, as\u00ed como para los amantes del cine de autor.",
        "genre": "Drama hist\u00f3rico",
        "year": "1987"
    },
    {
        "title": "El se\u00f1or de los anillos: La comunidad del anillo",
        "description": "El se\u00f1or de los anillos: La comunidad del anillo es una pel\u00edcula de fantas\u00eda \u00e9pica dirigida por Peter Jackson y basada en la novela hom\u00f3nima de J.R.R. Tolkien. En esta primera entrega de la trilog\u00eda, un joven hobbit llamado Frodo Bols\u00f3n se embarca en una peligrosa misi\u00f3n para destruir un poderoso anillo que podr\u00eda sumir a la Tierra Media en la oscuridad. Acompa\u00f1ado por un variado grupo de personajes, incluyendo elfos, enanos, humanos y magos, Frodo debe enfrentarse a criaturas mal\u00e9volas y a la influencia corruptora del anillo.\n\nCon impresionantes efectos especiales, una banda sonora \u00e9pica y un elenco de actores talentosos, El se\u00f1or de los anillos: La comunidad del anillo es una obra maestra del cine fant\u00e1stico que ha cautivado a audiencias de todas las edades. Con una trama emocionante, personajes memorables y un mundo rico en detalles, esta pel\u00edcula es imprescindible para cualquier amante del g\u00e9nero de fantas\u00eda. Perfecta para aquellos que disfrutan de historias de aventuras \u00e9picas y batallas \u00e9picas entre el bien y el mal.",
        "genre": "Fantas\u00eda \u00e9pica",
        "year": "2001"
    },
    {
        "title": "El se\u00f1or de los anillos: Las dos torres",
        "description": "El se\u00f1or de los anillos: Las dos torres es una pel\u00edcula de fantas\u00eda \u00e9pica dirigida por Peter Jackson y basada en la obra literaria de J.R.R. Tolkien. Esta secuela de \"La comunidad del anillo\" sigue la historia de Frodo y Sam en su camino hacia Mordor para destruir el Anillo \u00danico, mientras que Aragorn, Legolas y Gimli buscan rescatar a Merry y Pippin de las garras de Saruman. \n\nEl g\u00e9nero de la pel\u00edcula es fantas\u00eda \u00e9pica, con elementos de aventura, acci\u00f3n y drama. Las dos torres es una pel\u00edcula que combina efectos especiales impresionantes, paisajes espectaculares y una narrativa emocionante que atrapa al espectador desde el principio hasta el final. \n\nEsta pel\u00edcula es ideal para los amantes de la fantas\u00eda y la acci\u00f3n, as\u00ed como para aquellos que disfrutan de historias \u00e9picas y personajes complejos. Con una duraci\u00f3n de m\u00e1s de tres horas, El se\u00f1or de los anillos: Las dos torres es una experiencia cinematogr\u00e1fica inolvidable que no te puedes perder.",
        "genre": "Fantas\u00eda \u00e9pica",
        "year": "2002"
    },
    {
        "title": "El padrino II",
        "description": "El padrino II es una pel\u00edcula de drama y crimen dirigida por Francis Ford Coppola y estrenada en 1974. Es la secuela de El padrino y sigue la historia de Michael Corleone, interpretado por Al Pacino, mientras intenta expandir el imperio criminal de su familia y lidiar con las consecuencias de sus decisiones.\n\nLa pel\u00edcula alterna entre la historia de Michael en la d\u00e9cada de 1950 y la de su padre, Vito Corleone, interpretado por Robert De Niro, en la d\u00e9cada de 1920. Esta estructura narrativa compleja a\u00f1ade profundidad a los personajes y explora temas como la familia, el poder y la corrupci\u00f3n.\n\nEl padrino II es considerada una de las mejores secuelas de la historia del cine y ha sido aclamada por la cr\u00edtica por su guion, actuaciones y direcci\u00f3n. Es una pel\u00edcula imprescindible para los amantes del cine de crimen y drama, as\u00ed como para aquellos interesados en explorar la complejidad de las relaciones familiares en un contexto de violencia y poder.",
        "genre": "Drama criminal",
        "year": "1974"
    },
    {
        "title": "El padrino III",
        "description": "El padrino III es una pel\u00edcula de drama y crimen dirigida por Francis Ford Coppola y estrenada en 1990. Es la tercera entrega de la ic\u00f3nica trilog\u00eda El padrino, que sigue la historia de la familia Corleone y su involucramiento en el mundo del crimen organizado. En esta ocasi\u00f3n, Michael Corleone (interpretado por Al Pacino) intenta redimirse y alejarse de la violencia, pero se ve arrastrado de nuevo a la mafia cuando su familia se ve amenazada.\n\nLa pel\u00edcula es una conclusi\u00f3n \u00e9pica y emocionante de la saga, llena de intriga, traici\u00f3n y giros inesperados. Aunque no alcanza la misma excelencia que las dos primeras entregas, El padrino III sigue siendo una obra maestra del cine, con actuaciones brillantes, una direcci\u00f3n impecable y un guion lleno de profundidad y complejidad. Para los amantes del cine de gangsters y los dramas familiares, El padrino III es una pel\u00edcula imprescindible que no decepcionar\u00e1.",
        "genre": "Drama crimina.",
        "year": "1990"
    },
    {
        "title": "El planeta de los simios",
        "description": "El planeta de los simios es una pel\u00edcula de ciencia ficci\u00f3n y aventuras que sigue la historia de un grupo de astronautas que aterrizan en un planeta desconocido habitado por simios inteligentes que dominan a los humanos. La trama se centra en la lucha por la supervivencia de los astronautas liderados por el personaje principal, interpretado por Charlton Heston, mientras intentan descubrir la verdad detr\u00e1s de la sociedad simia y su relaci\u00f3n con los humanos.\n\nCon una premisa original y un mensaje social profundo, El planeta de los simios es una pel\u00edcula ic\u00f3nica que ha dejado una marca indeleble en la cultura popular. Con su impactante final y su reflexi\u00f3n sobre la naturaleza humana, esta pel\u00edcula es una recomendaci\u00f3n perfecta para los amantes de la ciencia ficci\u00f3n y aquellos que disfrutan de historias que desaf\u00edan las convenciones del g\u00e9nero.",
        "genre": "Ciencia ficci\u00f3n.",
        "year": "1968"
    },
    {
        "title": "Los intocables",
        "description": "Los intocables es un thriller de acci\u00f3n y drama dirigido por Brian De Palma y estrenado en 1987. La pel\u00edcula est\u00e1 ambientada en la d\u00e9cada de 1930 en Chicago, donde el agente del FBI Eliot Ness (interpretado por Kevin Costner) se une a un grupo de hombres incorruptibles para luchar contra el famoso g\u00e1ngster Al Capone (interpretado por Robert De Niro).\n\nCon una mezcla de violencia, intriga y momentos de humor, Los intocables es una pel\u00edcula que mantiene al espectador en vilo de principio a fin. La qu\u00edmica entre los personajes principales, interpretados por Kevin Costner, Sean Connery, Andy Garcia y Charles Martin Smith, es uno de los puntos fuertes de la pel\u00edcula, que tambi\u00e9n destaca por su direcci\u00f3n visualmente impactante y su banda sonora memorable.\n\nPara los amantes del cine de g\u00e1ngsters y las historias basadas en hechos reales, Los intocables es una opci\u00f3n imprescindible. Con un guion s\u00f3lido, actuaciones destacadas y escenas ic\u00f3nicas, esta pel\u00edcula se ha convertido en un cl\u00e1sico del cine de crimen y suspenso.",
        "genre": "Acci\u00f3n y drama.",
        "year": "1987"
    },
    {
        "title": "La milla verde",
        "description": "La milla verde es una pel\u00edcula de drama y fantas\u00eda dirigida por Frank Darabont, basada en la novela de Stephen King. La historia se desarrolla en un corredor de la muerte en una prisi\u00f3n de Louisiana en la d\u00e9cada de 1930, donde un guardia llamado Paul Edgecomb (interpretado por Tom Hanks) conoce a un prisionero condenado a muerte llamado John Coffey (interpretado por Michael Clarke Duncan) que posee habilidades sobrenaturales. A medida que Paul se acerca a John, descubre la verdadera naturaleza de su bondad y poderes curativos.\n\nLa pel\u00edcula aborda temas como la injusticia, la redenci\u00f3n y la empat\u00eda, y desaf\u00eda al espectador a reflexionar sobre la naturaleza humana y la moralidad. Con actuaciones conmovedoras y un guion poderoso, La milla verde es una obra maestra del cine que deja una profunda impresi\u00f3n en aquellos que la ven. Recomendada para aquellos que disfrutan de historias emotivas y reflexivas con un toque de fantas\u00eda.",
        "genre": "Drama sobrenatural",
        "year": "1999"
    },
    {
        "title": "El cisne negro",
        "description": "El cisne negro es un thriller psicol\u00f3gico dirigido por Darren Aronofsky que combina elementos de drama y horror. La pel\u00edcula sigue la historia de Nina, una bailarina de ballet obsesionada con conseguir el papel principal en una nueva producci\u00f3n de El lago de los cisnes. A medida que Nina se sumerge en su papel, comienza a experimentar una serie de eventos perturbadores que desdibujan la l\u00ednea entre la realidad y la fantas\u00eda.\n\nEl cisne negro es una pel\u00edcula intensa y perturbadora que explora temas como la obsesi\u00f3n, la competencia y la dualidad de la naturaleza humana. Con una actuaci\u00f3n magistral de Natalie Portman, quien gan\u00f3 un premio Oscar por su interpretaci\u00f3n, la pel\u00edcula te mantendr\u00e1 en vilo de principio a fin. Recomendada para aquellos que disfrutan de los thrillers psicol\u00f3gicos con giros inesperados y una atm\u00f3sfera inquietante.",
        "genre": "Suspenso/Thriller",
        "year": "2010"
    },
    {
        "title": "El lobo de Wall Street",
        "description": "El lobo de Wall Street es una pel\u00edcula de g\u00e9nero biogr\u00e1fico y comedia negra dirigida por Martin Scorsese y protagonizada por Leonardo DiCaprio. La historia sigue la vida de Jordan Belfort, un corredor de bolsa ambicioso y sin escr\u00fapulos que se convierte en un exitoso empresario en Wall Street, pero cuya vida se ve envuelta en excesos, corrupci\u00f3n y esc\u00e1ndalos financieros.\n\nLa pel\u00edcula est\u00e1 basada en la historia real de Belfort y su ascenso y ca\u00edda en el mundo de las finanzas, mostrando de manera cruda y descarnada la avaricia y la falta de moral de algunos individuos en el mundo de los negocios. Con un ritmo fren\u00e9tico, di\u00e1logos afilados y una actuaci\u00f3n magistral de DiCaprio, El lobo de Wall Street es una pel\u00edcula que no deja indiferente y que ofrece una mirada cruda y sat\u00edrica al mundo de la alta sociedad y la corrupci\u00f3n en Wall Street.\n\nRecomendada para aquellos que disfrutan de pel\u00edculas con personajes complejos, tramas intensas y un toque de humor negro.",
        "genre": "Drama/Comedia dram\u00e1tica",
        "year": "2013"
    },
    {
        "title": "Django desencadenado",
        "description": "\"Django desencadenado\" es un western dirigido por Quentin Tarantino que combina acci\u00f3n, violencia y humor negro de una manera \u00fanica. La historia sigue a Django, un esclavo liberado que se une a un cazador de recompensas alem\u00e1n para encontrar a los criminales m\u00e1s buscados del sur de Estados Unidos y rescatar a su esposa de las garras de un despiadado propietario de plantaci\u00f3n. Con un elenco estelar que incluye a Jamie Foxx, Christoph Waltz, Leonardo DiCaprio y Samuel L. Jackson, la pel\u00edcula destaca por su brillante guion, di\u00e1logos afilados y escenas de acci\u00f3n intensas. Adem\u00e1s, la banda sonora de Ennio Morricone y la est\u00e9tica visual caracter\u00edstica de Tarantino hacen de esta pel\u00edcula una experiencia cinematogr\u00e1fica imperdible para los amantes del cine de g\u00e9nero. Recomendada para aquellos que disfrutan de historias originales, personajes complejos y un estilo visual \u00fanico.",
        "genre": "Acci\u00f3n/Western",
        "year": "2012"
    },
    {
        "title": "El gran Gatsby",
        "description": "El gran Gatsby es una pel\u00edcula de drama y romance dirigida por Baz Luhrmann y basada en la novela hom\u00f3nima de F. Scott Fitzgerald. La historia sigue a Jay Gatsby, un misterioso y adinerado hombre que organiza lujosas fiestas en Long Island durante la d\u00e9cada de 1920. El narrador de la historia es Nick Carraway, un joven escritor que se ve envuelto en el mundo de Gatsby y su obsesi\u00f3n por recuperar a su antiguo amor, Daisy Buchanan.\n\nLa pel\u00edcula est\u00e1 ambientada en la era del jazz y el lujo desenfrenado, mostrando la decadencia de la alta sociedad y la b\u00fasqueda desesperada de amor y aceptaci\u00f3n. Con un elenco estelar que incluye a Leonardo DiCaprio, Carey Mulligan y Tobey Maguire, El gran Gatsby es una obra visualmente deslumbrante que combina la opulencia de la \u00e9poca con la tragedia de los personajes. Recomendada para los amantes del cine rom\u00e1ntico y los dramas hist\u00f3ricos, esta pel\u00edcula es una experiencia cinematogr\u00e1fica inolvidable.",
        "genre": "Drama rom\u00e1ntico.",
        "year": "2013"
    },
    {
        "title": "El aviador",
        "description": "El aviador es una pel\u00edcula biogr\u00e1fica y de drama dirigida por Martin Scorsese y protagonizada por Leonardo DiCaprio. La historia sigue la vida del exc\u00e9ntrico y visionario magnate de la aviaci\u00f3n Howard Hughes, desde sus comienzos como director de cine hasta convertirse en un pionero de la industria aeron\u00e1utica. La pel\u00edcula se centra en su lucha contra la enfermedad mental y su obsesi\u00f3n por la perfecci\u00f3n en todos los aspectos de su vida.\n\nCon una ambientaci\u00f3n impecable de la d\u00e9cada de 1920 y 1930, El aviador destaca por su direcci\u00f3n magistral, la actuaci\u00f3n brillante de DiCaprio y un elenco de apoyo de lujo que incluye a Cate Blanchett, Kate Beckinsale y Alec Baldwin. La pel\u00edcula ofrece una mirada fascinante a la vida de un hombre extraordinario y a los desaf\u00edos que enfrent\u00f3 en su b\u00fasqueda de la grandeza.\n\nRecomendada para los amantes de las biograf\u00edas, el drama hist\u00f3rico y las actuaciones excepcionales, El aviador es una obra maestra del cine que no te puedes perder.",
        "genre": "Drama biogr\u00e1fico.",
        "year": "2004"
    },
    {
        "title": "Memento",
        "description": "\"Memento\" es un thriller psicol\u00f3gico dirigido por Christopher Nolan que sigue la historia de Leonard Shelby, un hombre con amnesia anter\u00f3grada que busca vengar la muerte de su esposa. La peculiaridad de la pel\u00edcula radica en su estructura narrativa no lineal, donde las escenas se presentan en orden inverso, lo que sumerge al espectador en la confusi\u00f3n y desorientaci\u00f3n del protagonista. A trav\u00e9s de flashbacks en blanco y negro y secuencias en color, se va revelando la verdad detr\u00e1s de la tragedia de Leonard, mientras \u00e9l lucha por recordar qui\u00e9n es amigo y qui\u00e9n es enemigo. Con un guion ingenioso y giros inesperados, \"Memento\" desaf\u00eda al espectador a reconstruir la historia junto con el protagonista, creando una experiencia cinematogr\u00e1fica \u00fanica y fascinante. Recomendada para aquellos que disfrutan de pel\u00edculas que desaf\u00edan la percepci\u00f3n del tiempo y la memoria, as\u00ed como para los amantes del cine de suspenso y misterio.",
        "genre": "Suspenso.",
        "year": "2000"
    },
    {
        "title": "El club de los poetas muertos",
        "description": "El club de los poetas muertos es una pel\u00edcula dram\u00e1tica que sigue la historia de un grupo de estudiantes de un estricto colegio preparatorio en la d\u00e9cada de 1950, quienes son inspirados por su carism\u00e1tico profesor de literatura a cuestionar la autoridad y vivir la vida con pasi\u00f3n y autenticidad. A medida que exploran la poes\u00eda y la libertad de expresi\u00f3n, los estudiantes descubren el poder transformador del arte y la importancia de seguir sus sue\u00f1os, a pesar de las expectativas sociales y familiares.\n\nDirigida por Peter Weir y protagonizada por Robin Williams, El club de los poetas muertos es una pel\u00edcula emotiva y conmovedora que celebra la creatividad, la rebeld\u00eda y la b\u00fasqueda de la verdad. Con un guion inspirador y actuaciones poderosas, esta pel\u00edcula es una oda a la libertad individual y la importancia de vivir una vida aut\u00e9ntica. Recomendada para aquellos que buscan una historia inspiradora y reflexiva sobre la importancia de seguir nuestros propios instintos y pasiones.",
        "genre": "Drama.",
        "year": "1989"
    },
    {
        "title": "La sociedad de los poetas muertos",
        "description": "La sociedad de los poetas muertos es una pel\u00edcula dram\u00e1tica que sigue la historia de un grupo de estudiantes de un estricto internado masculino en la d\u00e9cada de 1950, quienes son inspirados por su carism\u00e1tico profesor de literatura a desafiar las normas establecidas y a vivir la vida con pasi\u00f3n y autenticidad. A medida que los j\u00f3venes descubren la poes\u00eda y el arte de expresarse a trav\u00e9s de las palabras, se enfrentan a la presi\u00f3n de la sociedad y a la rigidez de la instituci\u00f3n educativa.\n\nDirigida por Peter Weir y protagonizada por Robin Williams, esta pel\u00edcula es una oda a la creatividad, la libertad de pensamiento y la importancia de seguir nuestros sue\u00f1os, incluso cuando el mundo nos dice lo contrario. Con un guion emotivo y actuaciones poderosas, La sociedad de los poetas muertos es una obra maestra que nos invita a reflexionar sobre el prop\u00f3sito de la vida y el valor de la individualidad. Recomendada para aquellos que buscan una historia inspiradora y conmovedora que les haga cuestionar el status quo.",
        "genre": "Drama.",
        "year": "1989"
    },
    {
        "title": "El gran truco",
        "description": "\"El gran truco\" es un thriller psicol\u00f3gico dirigido por Christopher Nolan que combina magia, misterio y venganza. La historia sigue a dos magos rivales, interpretados por Hugh Jackman y Christian Bale, que compiten por crear el truco de magia definitivo en la Londres victoriana. A medida que su rivalidad se intensifica, ambos magos se ven envueltos en un juego de enga\u00f1os, traiciones y secretos oscuros que los llevar\u00e1 al l\u00edmite.\n\nCon una trama intrincada y giros inesperados, \"El gran truco\" mantiene al espectador en vilo hasta el final, desafiando constantemente sus expectativas y dej\u00e1ndolo con la sensaci\u00f3n de haber presenciado algo verdaderamente sorprendente. La pel\u00edcula cuenta con un elenco estelar que incluye a Scarlett Johansson, Michael Caine y David Bowie, y una direcci\u00f3n impecable por parte de Nolan, conocido por su habilidad para crear pel\u00edculas complejas y visualmente impactantes.\n\nPara los amantes del cine que disfrutan de historias intrigantes y bien construidas, \"El gran truco\" es una elecci\u00f3n perfecta que no decepcionar\u00e1.",
        "genre": "Suspenso",
        "year": "2006"
    },
    {
        "title": "El origen",
        "description": "El origen es una pel\u00edcula de ciencia ficci\u00f3n y thriller dirigida por Christopher Nolan. La trama sigue a Dom Cobb, un ladr\u00f3n de sue\u00f1os que roba secretos del subconsciente de las personas mientras est\u00e1n en un estado de sue\u00f1o profundo. Cobb es contratado para realizar una tarea casi imposible: implantar una idea en la mente de un empresario rival a trav\u00e9s de la t\u00e9cnica de \"inserci\u00f3n\". A medida que la misi\u00f3n se desarrolla, Cobb y su equipo se ven envueltos en un laberinto de sue\u00f1os dentro de sue\u00f1os, donde la realidad y la fantas\u00eda se entrelazan de manera peligrosa.\n\nCon un elenco estelar que incluye a Leonardo DiCaprio, Joseph Gordon-Levitt, Ellen Page y Marion Cotillard, El origen es una obra maestra visual y narrativa que desaf\u00eda la percepci\u00f3n del espectador sobre lo que es real y lo que es imaginario. Con giros inesperados, efectos visuales impresionantes y una banda sonora envolvente, esta pel\u00edcula es una experiencia cinematogr\u00e1fica \u00fanica que dejar\u00e1 al p\u00fablico reflexionando sobre la naturaleza de la realidad y los l\u00edmites de la mente humana.",
        "genre": "Ciencia ficci\u00f3n",
        "year": "2010"
    },
    {
        "title": "Interstellar",
        "description": "Interstellar es una pel\u00edcula de ciencia ficci\u00f3n dirigida por Christopher Nolan que sigue la historia de un grupo de astronautas que viajan a trav\u00e9s de un agujero de gusano en busca de un nuevo planeta habitable para la humanidad. El film combina elementos de drama, aventura y exploraci\u00f3n espacial, creando una experiencia visualmente impresionante y emocionalmente impactante.\n\nCon un elenco estelar que incluye a Matthew McConaughey, Anne Hathaway y Jessica Chastain, Interstellar es una pel\u00edcula que desaf\u00eda la mente y el coraz\u00f3n del espectador, explorando temas como el amor, la familia y la supervivencia en un universo vasto e inexplorado. La cinematograf\u00eda de la pel\u00edcula es impresionante, con efectos especiales de \u00faltima generaci\u00f3n que hacen que el espectador se sienta inmerso en el espacio exterior.\n\nInterstellar es una pel\u00edcula que cautivar\u00e1 a los amantes del cine de ciencia ficci\u00f3n y a aquellos que buscan una historia emocionante y conmovedora. Con una trama compleja y giros inesperados, esta pel\u00edcula es una obra maestra del g\u00e9nero que no te puedes perder.",
        "genre": "Ciencia ficci\u00f3n",
        "year": "2014"
    },
    {
        "title": "Dunkerque",
        "description": "\"Dunkerque\" es un drama de guerra dirigido por Christopher Nolan que narra la evacuaci\u00f3n de las tropas aliadas de Dunkerque durante la Segunda Guerra Mundial. La pel\u00edcula se centra en tres l\u00edneas temporales diferentes: tierra, mar y aire, mostrando la desesperada lucha por sobrevivir de soldados brit\u00e1nicos, franceses y belgas mientras son bombardeados por el enemigo.\n\nCon una cinematograf\u00eda impresionante y una banda sonora intensa, \"Dunkerque\" sumerge al espectador en la angustia y el caos de la guerra, mostrando la valent\u00eda y el sacrificio de los soldados en medio de la adversidad. Las actuaciones de un elenco estelar, que incluye a Tom Hardy, Mark Rylance y Harry Styles, a\u00f1aden profundidad y emoci\u00f3n a la historia.\n\nRecomendada para los amantes de las pel\u00edculas de guerra y los dramas hist\u00f3ricos, \"Dunkerque\" es una experiencia cinematogr\u00e1fica impactante que no deja indiferente a nadie.",
        "genre": "La pel\u00edcula Dunkerque se puede calificar como un drama de guerra.",
        "year": "2017"
    },
    {
        "title": "Tenet",
        "description": "\"Tenet\" es una pel\u00edcula de ciencia ficci\u00f3n y acci\u00f3n dirigida por Christopher Nolan. La trama sigue a un agente encubierto interpretado por John David Washington, quien descubre la existencia de una tecnolog\u00eda que le permite invertir el flujo del tiempo y as\u00ed prevenir una amenaza global. A medida que se sumerge en este mundo de espionaje y manipulaci\u00f3n temporal, se ve envuelto en una compleja red de enga\u00f1os y traiciones.\n\nCon una narrativa no lineal y un enfoque en la f\u00edsica cu\u00e1ntica, \"Tenet\" desaf\u00eda al espectador a mantenerse alerta y seguir el hilo de la historia a medida que se desarrolla. La pel\u00edcula destaca por sus impresionantes secuencias de acci\u00f3n, efectos visuales innovadores y una banda sonora envolvente compuesta por Ludwig G\u00f6ransson.\n\nPara los amantes del cine de ciencia ficci\u00f3n y los fan\u00e1ticos de las pel\u00edculas de espionaje, \"Tenet\" ofrece una experiencia cinematogr\u00e1fica \u00fanica y emocionante que no se puede perder.",
        "genre": "Ciencia ficci\u00f3n.",
        "year": "2020"
    },
    {
        "title": "El caballero de la noche",
        "description": "El caballero de la noche es una pel\u00edcula de acci\u00f3n y superh\u00e9roes dirigida por Christopher Nolan y protagonizada por Christian Bale como Batman. En esta secuela de Batman Begins, el Caballero Oscuro se enfrenta al caos que el Joker, interpretado magistralmente por Heath Ledger, desata en Gotham City. La trama se desarrolla en medio de una atm\u00f3sfera oscura y tensa, donde Batman debe tomar decisiones dif\u00edciles para detener al villano y proteger a los ciudadanos.\n\nCon una narrativa compleja y giros inesperados, El caballero de la noche es una pel\u00edcula que desaf\u00eda las convenciones del g\u00e9nero de superh\u00e9roes, explorando temas como la moralidad, la justicia y el caos. La actuaci\u00f3n de Ledger como el Joker es aclamada como una de las mejores interpretaciones de un villano en la historia del cine, lo que le vali\u00f3 un premio p\u00f3stumo en los premios Oscar.\n\nPara los amantes de las pel\u00edculas de superh\u00e9roes con un enfoque m\u00e1s oscuro y adulto, El caballero de la noche es una opci\u00f3n imprescindible.",
        "genre": "Acci\u00f3n, drama, thriller",
        "year": "2008"
    },
    {
        "title": "El caballero de la noche asciende",
        "description": "El caballero de la noche asciende es una pel\u00edcula de acci\u00f3n y superh\u00e9roes dirigida por Christopher Nolan. Es la tercera entrega de la trilog\u00eda de Batman protagonizada por Christian Bale como el ic\u00f3nico h\u00e9roe enmascarado. En esta pel\u00edcula, Batman regresa a Ciudad G\u00f3tica despu\u00e9s de un largo retiro para enfrentarse a Bane, un terrorista enmascarado que amenaza con destruir la ciudad. A medida que la situaci\u00f3n se vuelve m\u00e1s peligrosa, Batman debe enfrentarse a sus propios demonios internos y superar sus miedos para salvar a la ciudad que jur\u00f3 proteger.\n\nEl caballero de la noche asciende es una pel\u00edcula \u00e9pica y emocionante que combina acci\u00f3n trepidante con una trama compleja y personajes bien desarrollados. Con un elenco estelar que incluye a Anne Hathaway, Tom Hardy y Michael Caine, esta pel\u00edcula es una obra maestra del g\u00e9nero de superh\u00e9roes que no te puedes perder. Perfecta para los amantes del cine de acci\u00f3n y los fans de Batman, El caballero de la noche asciende es una pel\u00edcula que te mantendr\u00e1 al borde de tu asiento de principio a fin.",
        "genre": "Acci\u00f3n/Drama",
        "year": "2012"
    },
    {
        "title": "Batman inicia",
        "description": "Batman Begins es una pel\u00edcula de acci\u00f3n y superh\u00e9roes dirigida por Christopher Nolan. La historia sigue a Bruce Wayne, interpretado por Christian Bale, mientras se convierte en Batman y lucha contra el crimen en Gotham City. La pel\u00edcula explora el origen del personaje, mostrando c\u00f3mo Bruce supera sus miedos y se convierte en el legendario vigilante enmascarado.\n\nCon un tono m\u00e1s oscuro y realista que las pel\u00edculas anteriores de Batman, Batman Begins es una emocionante y emocionante historia de origen que cautiva a los espectadores desde el principio. La actuaci\u00f3n de Bale como Batman es impresionante, al igual que la interpretaci\u00f3n de Heath Ledger como el ic\u00f3nico villano Joker en las secuelas de la pel\u00edcula.\n\nPara los amantes de las pel\u00edculas de superh\u00e9roes y de acci\u00f3n, Batman Begins es una opci\u00f3n perfecta. Con una trama intrigante, efectos especiales impresionantes y un elenco estelar, esta pel\u00edcula es una de las mejores adaptaciones de c\u00f3mics en la pantalla grande. \u00a1No te la puedes perder!",
        "genre": "Acci\u00f3n y superh\u00e9roes.",
        "year": "2005"
    },
    {
        "title": "El prestigio",
        "description": "El prestigio es un thriller dram\u00e1tico de misterio dirigido por Christopher Nolan que sigue la rivalidad entre dos magos en el Londres victoriano. El filme est\u00e1 lleno de giros inesperados, enga\u00f1os y trucos de magia que mantienen al espectador en vilo hasta el final. Con un elenco estelar que incluye a Hugh Jackman, Christian Bale y Scarlett Johansson, la pel\u00edcula explora temas como la obsesi\u00f3n, la venganza y el sacrificio en la b\u00fasqueda de la perfecci\u00f3n en el arte de la magia. Con una narrativa no lineal y una atm\u00f3sfera oscura y misteriosa, El prestigio es una obra maestra del cine que desaf\u00eda al espectador a descifrar sus enigmas y revelar sus secretos. Recomendada para aquellos que disfrutan de pel\u00edculas con tramas complejas, actuaciones brillantes y un final impactante.",
        "genre": ": Drama, Misterio, Suspenso.",
        "year": "2006"
    },
    {
        "title": "La la land",
        "description": "La La Land es una pel\u00edcula musical rom\u00e1ntica dirigida por Damien Chazelle que sigue la historia de Mia, una aspirante a actriz, y Sebastian, un pianista de jazz, mientras persiguen sus sue\u00f1os en la ciudad de Los \u00c1ngeles. Con un estilo visual deslumbrante y una banda sonora inolvidable, la pel\u00edcula combina elementos del cine cl\u00e1sico de Hollywood con una narrativa moderna y fresca.\n\nEl g\u00e9nero de La La Land es un musical rom\u00e1ntico, con n\u00fameros musicales y coreograf\u00edas impresionantes que te transportar\u00e1n a un mundo de magia y romance. La qu\u00edmica entre los protagonistas, interpretados por Emma Stone y Ryan Gosling, es palpable y te har\u00e1 creer en el poder del amor y la pasi\u00f3n por la m\u00fasica.\n\nSi te gustan las pel\u00edculas con una est\u00e9tica visualmente impactante, una banda sonora memorable y una historia de amor que te llegue al coraz\u00f3n, La La Land es la pel\u00edcula perfecta para ti. Prep\u00e1rate para dejarte llevar por la magia del cine y enamorarte de esta historia inolvidable.",
        "genre": "La pel\u00edcula La La Land se puede calificar como un musical rom\u00e1ntico.",
        "year": "2016"
    },
    {
        "title": "Whiplash",
        "description": "Whiplash es un drama musical dirigido por Damien Chazelle que sigue la historia de Andrew Neiman, un joven baterista de jazz obsesionado con convertirse en uno de los mejores m\u00fasicos de su generaci\u00f3n. La pel\u00edcula se centra en la relaci\u00f3n tumultuosa entre Andrew y su exigente instructor, Terence Fletcher, interpretado magistralmente por J.K. Simmons, quien har\u00e1 todo lo posible para sacar lo mejor de su talentoso pero inseguro disc\u00edpulo.\n\nCon una narrativa intensa y una banda sonora vibrante, Whiplash es una pel\u00edcula que te mantendr\u00e1 al borde de tu asiento de principio a fin. El filme explora temas como la obsesi\u00f3n, la ambici\u00f3n y los sacrificios necesarios para alcanzar la excelencia en un campo tan competitivo como la m\u00fasica. Con actuaciones poderosas y una direcci\u00f3n impecable, Whiplash es una obra maestra que no te puedes perder si eres amante del cine de calidad y la m\u00fasica jazz.",
        "genre": "Drama/M\u00fasica",
        "year": "2014"
    },
    {
        "title": "Moonlight",
        "description": "Moonlight es un drama que sigue la vida de un joven afroamericano llamado Chiron en tres etapas de su vida: infancia, adolescencia y adultez. La pel\u00edcula explora temas como la identidad, la sexualidad, la familia y la aceptaci\u00f3n a lo largo de las diferentes etapas de la vida de Chiron. Dirigida por Barry Jenkins, Moonlight es una obra maestra visualmente impresionante que ha sido aclamada por la cr\u00edtica y ha ganado varios premios, incluido el premio a la Mejor Pel\u00edcula en los Premios de la Academia.\n\nMoonlight es una pel\u00edcula que te dejar\u00e1 reflexionando sobre la complejidad de la vida y las luchas internas que enfrentamos para encontrar nuestra verdadera identidad. Con actuaciones poderosas y una direcci\u00f3n magistral, esta pel\u00edcula es una experiencia cinematogr\u00e1fica que no te puedes perder si te gustan los dramas profundos y conmovedores. Moonlight es una pel\u00edcula que te llegar\u00e1 al coraz\u00f3n y te dejar\u00e1 pensando mucho despu\u00e9s de que termine.",
        "genre": "Drama.",
        "year": "2016"
    },
    {
        "title": "Birdman",
        "description": "Birdman es una pel\u00edcula de drama y comedia negra dirigida por Alejandro Gonz\u00e1lez I\u00f1\u00e1rritu. La historia sigue a Riggan Thomson, un actor famoso por interpretar a un superh\u00e9roe en pel\u00edculas de Hollywood, que intenta revivir su carrera teatral al dirigir y protagonizar una obra en Broadway. La pel\u00edcula est\u00e1 filmada de manera \u00fanica, dando la impresi\u00f3n de ser una sola toma continua, lo que a\u00f1ade intensidad y realismo a la narrativa.\n\nBirdman es una reflexi\u00f3n profunda sobre la fama, la identidad y la lucha por la relevancia en la industria del entretenimiento. Las actuaciones de Michael Keaton, Edward Norton, Emma Stone y Naomi Watts son excepcionales, llevando al espectador a un viaje emocional y psicol\u00f3gico a trav\u00e9s de los altibajos de la vida de los personajes.\n\nRecomendar\u00eda Birdman a los amantes del cine que buscan una experiencia cinematogr\u00e1fica \u00fanica y provocadora, as\u00ed como a aquellos interesados en explorar temas complejos y profundos a trav\u00e9s de una narrativa innovadora y visualmente impactante.",
        "genre": "Drama.",
        "year": "2014"
    },
    {
        "title": "El renacido",
        "description": "El renacido es una pel\u00edcula de drama y aventuras dirigida por Alejandro Gonz\u00e1lez I\u00f1\u00e1rritu y protagonizada por Leonardo DiCaprio. La historia sigue a Hugh Glass, un cazador de pieles que es atacado por un oso y abandonado por su equipo en medio de la naturaleza salvaje. Herido y con sed de venganza, Glass lucha por sobrevivir en un entorno hostil mientras busca vengarse de aquellos que lo traicionaron.\n\nLa pel\u00edcula destaca por su impresionante cinematograf\u00eda, que captura la belleza y la brutalidad de la naturaleza de forma impactante. DiCaprio ofrece una actuaci\u00f3n intensa y visceral que le vali\u00f3 un premio Oscar como Mejor Actor, mientras que el director I\u00f1\u00e1rritu se llev\u00f3 el premio a Mejor Director.\n\nEl renacido es una pel\u00edcula emocionante y visualmente impresionante que combina acci\u00f3n, drama y suspenso de manera magistral. Recomendada para aquellos que disfrutan de historias intensas y emocionantes, as\u00ed como para los amantes del cine de calidad y las actuaciones destacadas.",
        "genre": ": Drama/Aventura.",
        "year": "2015"
    },
    {
        "title": "Mad Max: Furia en el camino",
        "description": "Mad Max: Furia en el camino es una pel\u00edcula de acci\u00f3n y ciencia ficci\u00f3n dirigida por George Miller. Ambientada en un mundo post-apocal\u00edptico, sigue la historia de Max Rockatansky, interpretado por Tom Hardy, quien se une a Furiosa, interpretada por Charlize Theron, en una misi\u00f3n para escapar de un tirano y su ej\u00e9rcito de seguidores en busca de un lugar seguro. La pel\u00edcula est\u00e1 llena de escenas de acci\u00f3n intensas, persecuciones a toda velocidad y un dise\u00f1o visual impresionante que sumerge al espectador en un mundo desolado y brutal. Con una narrativa minimalista y un enfoque en la acci\u00f3n f\u00edsica en lugar de di\u00e1logos extensos, Mad Max: Furia en el camino es una experiencia cinematogr\u00e1fica emocionante y visualmente impactante que cautivar\u00e1 a los amantes de las pel\u00edculas de acci\u00f3n y ciencia ficci\u00f3n. Recomendada para aquellos que disfrutan de historias apocal\u00edpticas y personajes fuertes en un entorno visualmente impresionante.",
        "genre": "Acci\u00f3n/Aventura",
        "year": "2015"
    },
    {
        "title": "Par\u00e1sitos",
        "description": "Par\u00e1sitos es una pel\u00edcula surcoreana del g\u00e9nero de comedia negra y thriller dirigida por Bong Joon-ho. La trama sigue a una familia pobre que se infiltra en la vida de una adinerada familia, haci\u00e9ndose pasar por empleados dom\u00e9sticos. A medida que se desarrolla la historia, se revelan secretos oscuros y giros inesperados que llevan a un desenlace impactante.\n\nEsta pel\u00edcula ha sido aclamada por la cr\u00edtica y ha ganado numerosos premios, incluido el premio a la Mejor Pel\u00edcula en los Premios de la Academia. Par\u00e1sitos es una obra maestra del cine contempor\u00e1neo que combina de manera brillante elementos de comedia, drama y suspenso. Con una narrativa inteligente, personajes complejos y una direcci\u00f3n impecable, esta pel\u00edcula es una experiencia cinematogr\u00e1fica que no te puedes perder. Recomendada para aquellos que disfrutan de historias originales y provocativas que desaf\u00edan las convenciones del g\u00e9nero.",
        "genre": "Drama/Thriller",
        "year": "2019"
    },
    {
        "title": "1917",
        "description": "1917 es una pel\u00edcula de guerra y drama dirigida por Sam Mendes que sigue la historia de dos j\u00f3venes soldados brit\u00e1nicos durante la Primera Guerra Mundial. La trama se desarrolla en tiempo real, siguiendo a los protagonistas mientras se embarcan en una misi\u00f3n aparentemente imposible: entregar un mensaje urgente que podr\u00eda salvar a cientos de soldados de caer en una trampa del enemigo.\n\nLa pel\u00edcula se destaca por su impresionante cinematograf\u00eda, filmada como si fuera una sola toma continua, lo que sumerge al espectador en la intensidad y la brutalidad de la guerra. La actuaci\u00f3n de los protagonistas, interpretados por George MacKay y Dean-Charles Chapman, es sobresaliente y logra transmitir la angustia y el sacrificio de los soldados en medio del caos y la destrucci\u00f3n.\n\n1917 es una obra maestra visual que combina acci\u00f3n, emoci\u00f3n y suspenso de manera magistral, convirti\u00e9ndola en una experiencia cinematogr\u00e1fica inolvidable para los amantes del cine b\u00e9lico y los dramas hist\u00f3ricos.",
        "genre": "Drama b\u00e9lico.",
        "year": "1917"
    },
    {
        "title": "Joker",
        "description": "\"Joker\" es un drama psicol\u00f3gico y thriller psicol\u00f3gico dirigido por Todd Phillips y protagonizado por Joaquin Phoenix. La pel\u00edcula sigue la historia de Arthur Fleck, un comediante fracasado que se convierte en el ic\u00f3nico villano de Gotham, el Joker. Ambientada en los a\u00f1os 80, la pel\u00edcula explora la transformaci\u00f3n de Arthur en el Joker a trav\u00e9s de su lucha contra la enfermedad mental, la soledad y la marginalizaci\u00f3n social.\n\nCon una actuaci\u00f3n magistral de Phoenix, \"Joker\" es una pel\u00edcula intensa y perturbadora que ofrece una mirada cruda y realista a la mente de un hombre al borde de la locura. La cinematograf\u00eda oscura y la banda sonora inquietante contribuyen a crear una atm\u00f3sfera sombr\u00eda y opresiva que sumerge al espectador en el mundo ca\u00f3tico y violento de Gotham.\n\nRecomendada para aquellos que disfrutan de pel\u00edculas con un enfoque psicol\u00f3gico profundo y una narrativa intensa, \"Joker\" es una obra maestra del cine que desaf\u00eda las convenciones del g\u00e9nero de superh\u00e9roes y ofrece una visi\u00f3n \u00fanica y perturbadora del origen de uno de los villanos m\u00e1s ic\u00f3nicos de la historia del c\u00f3mic.",
        "genre": "Drama psicol\u00f3gico.",
        "year": "2019"
    },
    {
        "title": "Roma",
        "description": "\"Roma\" es una pel\u00edcula dram\u00e1tica dirigida por Alfonso Cuar\u00f3n que sigue la vida de una empleada dom\u00e9stica llamada Cleo en la Ciudad de M\u00e9xico durante la d\u00e9cada de 1970. A trav\u00e9s de su perspectiva, la pel\u00edcula aborda temas como la maternidad, la clase social y la pol\u00edtica, todo ello enmarcado en un contexto de cambios sociales y culturales en el pa\u00eds. \n\nCon una cinematograf\u00eda impresionante en blanco y negro y una narrativa \u00edntima y emotiva, \"Roma\" ha sido aclamada por la cr\u00edtica y ha ganado numerosos premios, incluido el Oscar a la Mejor Pel\u00edcula Extranjera. \n\nPara los amantes del cine de autor y las historias profundas y conmovedoras, \"Roma\" es una obra maestra que no se puede perder. Su belleza visual y su poderoso mensaje la convierten en una experiencia cinematogr\u00e1fica \u00fanica y conmovedora.",
        "genre": "Drama.",
        "year": "2018"
    },
    {
        "title": "La forma del agua",
        "description": "La forma del agua es una pel\u00edcula de fantas\u00eda y romance dirigida por Guillermo del Toro. Ambientada en la d\u00e9cada de 1960 durante la Guerra Fr\u00eda, la historia sigue a Elisa, una mujer muda que trabaja como conserje en un laboratorio de alta seguridad del gobierno. Su vida cambia cuando descubre a una criatura acu\u00e1tica capturada en el laboratorio y comienza a desarrollar una conexi\u00f3n especial con ella.\n\nLa pel\u00edcula combina elementos de fantas\u00eda, romance y drama para crear una historia \u00fanica y emotiva. La direcci\u00f3n de arte y la cinematograf\u00eda son impresionantes, creando un mundo visualmente cautivador y m\u00e1gico. Las actuaciones de Sally Hawkins, Michael Shannon y Doug Jones son excepcionales, sumergiendo al espectador en la historia y haci\u00e9ndolos sentir una amplia gama de emociones.\n\nLa forma del agua es una pel\u00edcula que cautivar\u00e1 a los amantes del cine que buscan una historia original y conmovedora, con una mezcla de g\u00e9neros que la hacen \u00fanica y memorable.",
        "genre": "La pel\u00edcula \"La forma del agua\" se puede calificar dentro del g\u00e9nero de fantas\u00eda rom\u00e1ntica.",
        "year": "2017"
    },
    {
        "title": "Spotlight",
        "description": "Spotlight es un drama basado en hechos reales que sigue a un equipo de periodistas de investigaci\u00f3n del diario Boston Globe mientras desentra\u00f1an un esc\u00e1ndalo de abuso sexual por parte de sacerdotes cat\u00f3licos en la ciudad. El filme, dirigido por Tom McCarthy, se centra en el trabajo meticuloso y la dedicaci\u00f3n de los periodistas para exponer la verdad y hacer justicia a las v\u00edctimas.\n\nCon un elenco estelar que incluye a Michael Keaton, Mark Ruffalo, Rachel McAdams y Liev Schreiber, Spotlight es una pel\u00edcula intensa y conmovedora que pone de relieve la importancia del periodismo de investigaci\u00f3n en la sociedad. Ganadora del premio \u00d3scar a la Mejor Pel\u00edcula en 2016, esta cinta es una recomendaci\u00f3n ideal para los amantes del cine basado en hechos reales, as\u00ed como para aquellos interesados en historias que abordan temas de corrupci\u00f3n, poder y \u00e9tica period\u00edstica. Spotlight es un recordatorio impactante de la importancia de la verdad y la transparencia en la b\u00fasqueda de la justicia.",
        "genre": "Drama.",
        "year": "2015"
    },
    {
        "title": "Boyhood",
        "description": "Boyhood es una pel\u00edcula dram\u00e1tica dirigida por Richard Linklater que sigue la vida de un ni\u00f1o llamado Mason desde los 6 hasta los 18 a\u00f1os. Filmada a lo largo de 12 a\u00f1os con el mismo elenco, la pel\u00edcula captura de manera \u00fanica la evoluci\u00f3n de Mason y su familia a lo largo del tiempo, mostrando los altibajos de la vida cotidiana y las decisiones que moldean su futuro.\n\nCon una narrativa sutil y realista, Boyhood destaca por su autenticidad y la forma en que aborda temas universales como la familia, el amor, la amistad y la b\u00fasqueda de identidad. La pel\u00edcula se destaca por su enfoque \u00fanico y su capacidad para conectar con la audiencia a trav\u00e9s de la empat\u00eda y la nostalgia.\n\nBoyhood es una obra maestra del cine independiente que ha sido aclamada por la cr\u00edtica y el p\u00fablico por su originalidad y su capacidad para capturar la esencia de la vida misma. Recomendada para aquellos que buscan una experiencia cinematogr\u00e1fica emotiva y reflexiva.",
        "genre": "Drama coming-of-age",
        "year": "2014"
    },
    {
        "title": "12 a\u00f1os de esclavitud",
        "description": "\"12 a\u00f1os de esclavitud\" es un drama hist\u00f3rico basado en la vida real de Solomon Northup, un hombre negro libre que es secuestrado y vendido como esclavo en el sur de Estados Unidos en el siglo XIX. La pel\u00edcula sigue la lucha de Solomon por sobrevivir y mantener su humanidad en medio de la brutalidad y la injusticia de la esclavitud. Dirigida por Steve McQueen y protagonizada por Chiwetel Ejiofor, Lupita Nyong'o y Michael Fassbender, esta pel\u00edcula es una poderosa y conmovedora exploraci\u00f3n de la crueldad y la resistencia en un per\u00edodo oscuro de la historia de Estados Unidos. Con una direcci\u00f3n impecable, actuaciones magistrales y una historia impactante, \"12 a\u00f1os de esclavitud\" es una obra maestra del cine que no solo entretiene, sino que tambi\u00e9n educa y conmueve al espectador. Recomendada para aquellos que buscan pel\u00edculas con un fuerte contenido hist\u00f3rico y emocional, as\u00ed como para aquellos interesados en reflexionar sobre temas de injusticia y libertad.",
        "genre": "Drama hist\u00f3rico.",
        "year": "2013"
    },
    {
        "title": "Argo",
        "description": "Argo es un thriller pol\u00edtico dirigido por Ben Affleck que se desarrolla durante la crisis de los rehenes en Ir\u00e1n en 1979. La trama sigue a un agente de la CIA que se infiltra en Teher\u00e1n haci\u00e9ndose pasar por un productor de Hollywood para rescatar a seis estadounidenses que se encuentran atrapados en la embajada de Canad\u00e1. \n\nEl g\u00e9nero de la pel\u00edcula es un drama de suspense basado en hechos reales, con una mezcla de intriga, tensi\u00f3n y momentos de acci\u00f3n. La narrativa est\u00e1 muy bien construida, manteniendo al espectador en vilo durante todo el metraje. \n\nArgo recibi\u00f3 cr\u00edticas muy positivas por su guion inteligente, la direcci\u00f3n de Affleck y las actuaciones del elenco, que incluye a Bryan Cranston, Alan Arkin y John Goodman. Ganadora del premio \u00d3scar a Mejor Pel\u00edcula en 2013, Argo es una pel\u00edcula que combina historia, pol\u00edtica y entretenimiento de manera magistral, recomendada para aquellos que disfrutan de pel\u00edculas basadas en eventos reales y con un alto nivel de tensi\u00f3n.",
        "genre": "Drama hist\u00f3rico.",
        "year": "2012"
    },
    {
        "title": "El discurso del rey",
        "description": "El discurso del rey es una pel\u00edcula de drama hist\u00f3rico que narra la historia real del rey Jorge VI de Inglaterra, quien lucha por superar su tartamudez con la ayuda de un terapeuta del habla poco convencional. La trama se desarrolla en el contexto de la Segunda Guerra Mundial, lo que a\u00f1ade tensi\u00f3n y urgencia a la lucha personal del protagonista por encontrar su voz y liderar a su pa\u00eds en tiempos de crisis.\n\nDirigida por Tom Hooper y protagonizada por Colin Firth, Geoffrey Rush y Helena Bonham Carter, El discurso del rey es una pel\u00edcula emotiva y poderosa que destaca por las actuaciones magistrales de su elenco y por su cuidada ambientaci\u00f3n de la \u00e9poca. La qu\u00edmica entre Firth y Rush es palpable en cada escena, creando momentos de gran intensidad emocional y profundidad psicol\u00f3gica.\n\nRecomendada para los amantes del cine hist\u00f3rico y de las actuaciones brillantes, El discurso del rey es una obra maestra que cautiva y emociona a partes iguales.",
        "genre": "Drama hist\u00f3rico.",
        "year": "2010"
    },
    {
        "title": "En busca de la felicidad",
        "description": "\"En busca de la felicidad\" es un drama inspirador que sigue la historia de Chris Gardner, un padre soltero interpretado por Will Smith, que lucha por salir adelante en medio de la adversidad. Gardner enfrenta la p\u00e9rdida de su trabajo, la falta de vivienda y la responsabilidad de cuidar a su hijo peque\u00f1o mientras persigue su sue\u00f1o de convertirse en corredor de bolsa. La pel\u00edcula, dirigida por Gabriele Muccino, est\u00e1 basada en la vida real de Gardner y su lucha por alcanzar el \u00e9xito a pesar de las dificultades.\n\nCon una actuaci\u00f3n conmovedora de Will Smith y una historia inspiradora, \"En busca de la felicidad\" es una pel\u00edcula que te har\u00e1 reflexionar sobre la importancia de la perseverancia, la determinaci\u00f3n y el amor familiar. Recomendada para aquellos que buscan una historia emotiva y motivadora que les recuerde que nunca es tarde para perseguir tus sue\u00f1os.",
        "genre": "Drama",
        "year": "2006"
    }
]