[
    {
        "title": "Ciudadano Kane"
    },
    {
        "title": "El padrino"
    },
    {
        "title": "Casablanca"
    },
    {
        "title": "La lista de Schindler"
    },
    {
        "title": "Pulp Fiction"
    },
    {
        "title": "El imperio contraataca"
    },
    {
        "title": "Apocalypse Now"
    },
    {
        "title": "2001: Una odisea del espacio"
    },
    {
        "title": "Vertigo"
    },
    {
        "title": "La naranja mec\u00e1nica"
    },
    {
        "title": "Taxi Driver"
    },
    {
        "title": "El resplandor"
    },
    {
        "title": "Lawrence de Arabia"
    },
    {
        "title": "Psicosis"
    },
    {
        "title": "Blade Runner"
    },
    {
        "title": "El bueno, el malo y el feo"
    },
    {
        "title": "12 hombres sin piedad"
    },
    {
        "title": "Los siete samur\u00e1is"
    },
    {
        "title": "La vida es bella"
    },
    {
        "title": "El club de la pelea"
    },
    {
        "title": "El se\u00f1or de los anillos: El retorno del rey"
    },
    {
        "title": "Forrest Gump"
    },
    {
        "title": "Matrix"
    },
    {
        "title": "Tiempos modernos"
    },
    {
        "title": "Gladiator"
    },
    {
        "title": "El silencio de los corderos"
    },
    {
        "title": "El gran dictador"
    },
    {
        "title": "Salvar al soldado Ryan"
    },
    {
        "title": "El apartamento"
    },
    {
        "title": "Amadeus"
    },
    {
        "title": "Braveheart"
    },
    {
        "title": "El pianista"
    },
    {
        "title": "El s\u00e9ptimo sello"
    },
    {
        "title": "El tercer hombre"
    },
    {
        "title": "El exorcista"
    },
    {
        "title": "Sin novedad en el frente"
    },
    {
        "title": "La ventana indiscreta"
    },
    {
        "title": "El puente sobre el r\u00edo Kwai"
    },
    {
        "title": "El rey le\u00f3n"
    },
    {
        "title": "El graduado"
    },
    {
        "title": "La misi\u00f3n"
    },
    {
        "title": "El \u00faltimo emperador"
    },
    {
        "title": "El se\u00f1or de los anillos: La comunidad del anillo"
    },
    {
        "title": "El se\u00f1or de los anillos: Las dos torres"
    },
    {
        "title": "El padrino II"
    },
    {
        "title": "El padrino III"
    },
    {
        "title": "El planeta de los simios"
    },
    {
        "title": "Los intocables"
    },
    {
        "title": "La milla verde"
    },
    {
        "title": "El cisne negro"
    },
    {
        "title": "El lobo de Wall Street"
    },
    {
        "title": "Django desencadenado"
    },
    {
        "title": "El gran Gatsby"
    },
    {
        "title": "El aviador"
    },
    {
        "title": "Memento"
    },
    {
        "title": "El club de los poetas muertos"
    },
    {
        "title": "La sociedad de los poetas muertos"
    },
    {
        "title": "El gran truco"
    },
    {
        "title": "El origen"
    },
    {
        "title": "Interstellar"
    },
    {
        "title": "Dunkerque"
    },
    {
        "title": "Tenet"
    },
    {
        "title": "El caballero de la noche"
    },
    {
        "title": "El caballero de la noche asciende"
    },
    {
        "title": "Batman inicia"
    },
    {
        "title": "El prestigio"
    },
    {
        "title": "La la land"
    },
    {
        "title": "Whiplash"
    },
    {
        "title": "Moonlight"
    },
    {
        "title": "Birdman"
    },
    {
        "title": "El renacido"
    },
    {
        "title": "Mad Max: Furia en el camino"
    },
    {
        "title": "Par\u00e1sitos"
    },
    {
        "title": "1917"
    },
    {
        "title": "Joker"
    },
    {
        "title": "Roma"
    },
    {
        "title": "La forma del agua"
    },
    {
        "title": "Spotlight"
    },
    {
        "title": "Boyhood"
    },
    {
        "title": "12 a\u00f1os de esclavitud"
    },
    {
        "title": "Argo"
    },
    {
        "title": "El discurso del rey"
    },
    {
        "title": "En busca de la felicidad"
    }
]